x0000,y0000
1750.9640521089,3726.8357
1750.291490734,3725.3525
1749.6188467728,3718.6248
1748.9461202121,3711.3247
1748.2733110385,3710.4434
1747.6004192389,3709.5898
1746.9274447999,3702.392
1746.2543877083,3699.4814
1745.5812479508,3710.567
1744.908025514,3721.6794
1744.2347203847,3712.171
1743.5613325496,3692.6565
1742.8878619954,3691.8113
1742.2143087087,3709.7034
1741.5406726764,3723.6248
1740.8669538851,3725.9377
1740.1931523214,3725.9805
1739.5192679722,3726.738
1738.8453008239,3719.0398
1738.1712508634,3701.686
1737.4971180774,3692.606
1736.8229024524,3703.355
1736.1486039752,3719.0532
1735.4742226324,3717.4263
1734.7997584107,3696.242
1734.1252112968,3676.8633
1733.4505812773,3679.4385
1732.7758683389,3700.0435
1732.1010724683,3723.3284
1731.4261936521,3745.2544
1730.7512318769,3767.9807
1730.0761871294,3783.283
1729.4010593962,3776.4338
1728.7258486640,3747.7417
1728.0505549195,3716.7463
1727.3751781492,3700.105
1726.6997183397,3698.8828
1726.0241754778,3705.6055
1725.3485495500,3711.1187
1724.6728405430,3710.118
1723.9970484434,3707.6328
1723.3211732378,3711.8218
1722.6452149128,3721.7092
1721.969173455,3732.3154
1721.2930488510,3739.1584
1720.6168410875,3733.716
1719.9405501510,3714.144
1719.2641760282,3697.007
1718.5877187056,3697.5723
1717.9111781698,3709.4294
1717.2345544074,3717.723
1716.5578474051,3719.1956
1715.8810571493,3719.9478
1715.2041836268,3720.5505
1714.5272268239,3716.75
1713.8501867274,3710.3674
1713.1730633238,3704.9353
1712.4958565996,3701.388
1711.8185665415,3703.3464
1711.1411931360,3712.3801
1710.4637363696,3721.6292
1709.786196229,3725.6519
1709.1085727006,3727.8926
1708.4308657710,3728.1565
1707.7530754268,3714.943
1707.0752016546,3686.3713
1706.3972444407,3666.1335
1705.7192037719,3677.8606
1705.0410796346,3715.9634
1704.3628720154,3755.3586
1703.6845809007,3776.4214
1703.0062062772,3777.2974
1702.3277481313,3766.3044
1701.6492064496,3751.518
1700.9705812185,3742.0684
1700.2918724247,3743.1755
1699.6130800546,3747.8003
1698.9342040947,3746.4246
1698.2552445315,3741.349
1697.5762013516,3739.5515
1696.8970745413,3740.187
1696.2178640874,3737.5686
1695.5385699761,3731.9128
1694.8591921940,3729.4578
1694.1797307277,3732.3857
1693.5001855635,3737.6472
1692.8205566880,3738.418
1692.1408440877,3726.6077
1691.4610477489,3707.4907
1690.7811676583,3704.0652
1690.1012038022,3733.6775
1689.4211561672,3780.2231
1688.7410247396,3802.1965
1688.0608095060,3780.79
1687.3805104528,3743.0698
1686.7001275665,3721.5242
1686.0196608335,3716.2876
1685.3391102403,3713.4993
1684.6584757733,3713.058
1683.977757419,3722.449
1683.2969551637,3740.5222
1682.6160689940,3757.3223
1681.9350988963,3764.0996
1681.2540448569,3759.8538
1680.5729068624,3754.1763
1679.8916848991,3759.6655
1679.2103789535,3772.6216
1678.5289890120,3776.0842
1677.847515061,3761.2654
1677.1659570869,3731.4133
1676.4843150761,3704.1917
1675.8025890151,3705.3687
1675.1207788902,3732.683
1674.4388846878,3752.7644
1673.7569063944,3751.1125
1673.0748439963,3745.476
1672.3926974799,3745.8835
1671.7104668317,3741.7588
1671.0281520379,3728.7644
1670.345753085,3719.0754
1669.6632699593,3720.8713
1668.9807026473,3726.0088
1668.2980511352,3724.7283
1667.6153154096,3719.8062
1666.9324954566,3716.7432
1666.2495912628,3713.5989
1665.5666028144,3710.7075
1664.8835300979,3710.4707
1664.2003730995,3706.592
1663.5171318056,3693.3303
1662.8338062027,3681.518
1662.1503962769,3690.5757
1661.4669020147,3725.5354
1660.7833234024,3769.5486
1660.0996604263,3795.9329
1659.4159130728,3788.3315
1658.7320813282,3753.274
1658.0481651788,3712.186
1657.3641646109,3685.129
1656.6800796109,3679.196
1655.9959101652,3685.9392
1655.3116562599,3690.3188
1654.6273178814,3687.5354
1653.9428950160,3690.5984
1653.2583876501,3709.9927
1652.5737957699,3733.9365
1651.8891193617,3746.0508
1651.2043584119,3748.1648
1650.5195129066,3749.0188
1649.8345828323,3749.5276
1649.1495681752,3753.6807
1648.4644689215,3768.375
1647.7792850576,3785.7654
1647.0940165697,3794.9512
1646.4086634442,3799.061
1645.7232256672,3797.5942
1645.0377032251,3780.2625
1644.3520961041,3750.4133
1643.6664042904,3728.057
1642.9806277704,3724.802
1642.2947665303,3730.6292
1641.6088205564,3731.4749
1640.9227898348,3728.64
1640.2366743519,3729.3352
1639.5504740939,3735.598
1638.864189047,3748.3682
1638.1778191975,3762.655
1637.4913645315,3766.7063
1636.8048250354,3758.3013
1636.1182006954,3749.3708
1635.4314914976,3749.795
1634.7446974284,3757.5186
1634.0578184739,3766.236
1633.3708546203,3774.7834
1632.6838058539,3788.0073
1631.9966721608,3805.1287
1631.3094535273,3815.6797
1630.6221499396,3815.9126
1629.9347613839,3813.8652
1629.2472878463,3815.4958
1628.5597293131,3819.7424
1627.8720857705,3823.5833
1627.1843572046,3821.811
1626.4965436016,3811.978
1625.8086449478,3802.1897
1625.1206612292,3797.2236
1624.4325924321,3786.4575
1623.7444385427,3763.771
1623.0561995471,3744.8472
1622.3678754314,3746.4985
1621.6794661819,3760.8572
1620.9909717847,3773.1902
1620.3023922259,3782.6238
1619.6137274918,3785.029
1618.9249775684,3770.6301
1618.2361424419,3744.5881
1617.5472220985,3721.88
1616.8582165243,3711.7087
1616.1691257054,3717.6375
1615.479949628,3740.014
1614.7906882781,3773.6296
1614.1013416421,3801.772
1613.4119097058,3803.3643
1612.7223924556,3774.3716
1612.0327898774,3738.5725
1611.3431019575,3730.8994
1610.6533286819,3752.911
1609.9634700367,3764.8872
1609.2735260081,3745.2986
1608.5834965821,3718.072
1607.8933817449,3710.3464
1607.2031814825,3721.2585
1606.5128957811,3729.3662
1605.8225246267,3716.8984
1605.1320680054,3691.7542
1604.4415259033,3676.5461
1603.7508983066,3679.5786
1603.0601852012,3694.8643
1602.3693865732,3716.7212
1601.6785024088,3741.1191
1600.9875326939,3765.2046
1600.2964774147,3784.6445
1599.6053365572,3790.661
1598.9141101075,3779.6667
1598.2227980517,3759.497
1597.5314003757,3738.6208
1596.8399170657,3719.7554
1596.1483481076,3704.9329
1595.4566934876,3697.737
1594.7649531917,3697.44
1594.0731272058,3699.2964
1593.3812155161,3705.923
1592.6892181086,3725.5596
1591.9971349693,3757.4534
1591.3049660843,3792.5078
1590.6127114395,3823.4785
1589.9203710209,3841.6284
1589.2279448147,3835.338
1588.5354328067,3804.2031
1587.8428349831,3764.9563
1587.1501513298,3735.5444
1586.4573818328,3722.9246
1585.7645264782,3725.131
1585.0715852518,3730.881
1584.3785581398,3728.3157
1583.6854451281,3719.3354
1582.9922462027,3711.9888
1582.2989613495,3710.2031
1581.6055905547,3718.9768
1580.9121338040,3741.8582
1580.2185910836,3767.1287
1579.5249623794,3775.129
1578.8312476773,3765.7336
1578.1374469633,3753.3445
1577.4435602234,3742.442
1576.7495874436,3736.9897
1576.0555286098,3745.4902
1575.3613837079,3760.2415
1574.6671527239,3767.2688
1573.9728356438,3770.2188
1573.2784324534,3777.0112
1572.5839431388,3783.2473
1571.8893676859,3785.3857
1571.1947060805,3789.6282
1570.4999583087,3797.8503
1569.8051243564,3799.1597
1569.1102042094,3788.0906
1568.4151978538,3779.7307
1567.7201052753,3789.2632
1567.0249264600,3806.3682
1566.3296613938,3811.5654
1565.6343100625,3805.9424
1564.9388724521,3803.1416
1564.2433485485,3809.6287
1563.5477383375,3824.7825
1562.8520418051,3841.6155
1562.1562589372,3847.2683
1561.4603897196,3836.903
1560.7644341382,3818.0508
1560.0683921789,3794.1274
1559.3722638277,3764.2805
1558.6760490703,3741.8525
1557.9797478926,3744.5327
1557.2833602806,3765.5432
1556.5868862200,3783.9014
1555.8903256968,3799.7449
1555.1936786968,3827.913
1554.4969452059,3861.8115
1553.8001252099,3878.4292
1553.1032186947,3878.3723
1552.4062256460,3882.4316
1551.7091460499,3891.583
1551.0119798920,3887.1191
1550.3147271583,3860.6616
1549.6173878346,3822.1885
1548.9199619066,3792.0288
1548.2224493603,3789.9114
1547.5248501815,3813.9075
1546.827164356,3835.8184
1546.1293918696,3834.7297
1545.4315327081,3819.7583
1544.7335868573,3810.2874
1544.0355543031,3812.7107
1543.3374350312,3823.1968
1542.6392290275,3840.0117
1541.9409362777,3863.6047
1541.2425567677,3888.7754
1540.5440904832,3903.3467
1539.8455374101,3901.566
1539.1468975340,3891.5796
1538.4481708409,3884.2686
1537.7493573165,3884.9966
1537.0504569465,3892.1187
1536.3514697168,3898.19
1535.6523956131,3897.1064
1534.9532346212,3888.363
1534.2539867268,3876.0103
1533.5546519157,3871.403
1532.8552301736,3887.307
1532.1557214864,3920.8284
1531.4561258398,3953.9211
1530.7564432194,3971.2915
1530.0566736112,3968.9421
1529.3568170007,3950.6995
1528.6568733738,3924.5793
1527.9568427161,3900.3743
1527.2567250135,3884.147
1526.5565202516,3878.3242
1525.8562284161,3887.8645
1525.1558494929,3913.294
1524.4553834675,3941.9688
1523.7548303258,3956.874
1523.0541900534,3950.1362
1522.3534626361,3930.667
1521.6526480595,3921.521
1520.9517463093,3937.4326
1520.2507573713,3969.9807
1519.5496812312,4005.6616
1518.8485178746,4039.2705
1518.1472672873,4063.511
1517.4459294549,4068.353
1516.7445043630,4049.3303
1516.0429919975,4013.1008
1515.3413923439,3980.5933
1514.639705388,3963.9722
1513.9379311154,3950.1243
1513.2360695117,3932.1765
1512.5341205627,3923.4246
1511.8320842540,3927.3977
1511.1299605713,3931.229
1510.4277495001,3929.2217
1509.7254510263,3932.0632
1509.0230651353,3949.158
1508.3205918129,3972.726
1507.6180310447,3988.9653
1506.9153828164,3996.4763
1506.2126471135,4005.334
1505.5098239217,4019.6926
1504.8069132267,4029.8008
1504.103915014,4026.557
1503.4008292693,4013.9834
1502.6976559782,4002.8882
1501.9943951263,3997.2046
1501.2910466992,3988.9434
1500.5876106826,3975.614
1499.8840870620,3970.3281
1499.1804758231,3979.1091
1498.4767769514,3990.9626
1497.7729904325,3998.0598
1497.0691162521,4005.2402
1496.3651543957,4016.9875
1495.6611048489,4028.092
1494.9569675973,4033.176
1494.2527426265,4035.8516
1493.548429922,4037.4487
1492.8440294694,4030.8845
1492.1395412543,4016.3315
1491.4349652623,4009.0493
1490.7303014789,4026.853
1490.0255498896,4069.5144
1489.3207104801,4109.1484
1488.6157832359,4114.964
1487.9107681426,4087.267
1487.2056651856,4055.4556
1486.5004743505,4047.687
1485.7951956229,4065.1587
1485.0898289883,4089.0593
1484.3843744323,4107.1855
1483.6788319403,4113.7383
1482.9732014979,4101.957
1482.2674830907,4081.2166
1481.5616767041,4077.3464
1480.8557823236,4100.314
1480.1497999348,4133.548
1479.4437295232,4159.996
1478.7375710743,4175.223
1478.0313245736,4175.2
1477.3249900065,4158.6963
1476.6185673587,4141.9624
1475.9120566156,4145.5
1475.2054577626,4165.6846
1474.4987707853,4176.6045
1473.7919956691,4165.8936
1473.0851323996,4155.025
1472.3781809622,4170.8213
1471.6711413423,4212.144
1470.9640135256,4258.887
1470.2567974973,4290.047
1469.5494932430,4288.565
1468.8421007482,4259.0645
1468.1346199982,4232.488
1467.4270509787,4237.523
1466.7193936749,4279.1396
1466.0116480724,4338.26
1465.3038141566,4380.134
1464.5958919129,4380.7847
1463.8878813269,4360.276
1463.1797823838,4361.202
1462.4715950692,4387.3755
1461.7633193685,4411.6094
1461.0549552670,4426.862
1460.3465027503,4433.529
1459.6379618037,4418.319
1458.9293324127,4390.1426
1458.2206145627,4381.9937
1457.511808239,4396.936
1456.8029134271,4405.1914
1456.0939301124,4389.908
1455.3848582802,4360.718
1454.6756979161,4334.2305
1453.9664490053,4320.507
1453.2571115332,4320.733
1452.5476854853,4328.4517
1451.8381708469,4333.71
1451.1285676034,4328.7075
1450.4188757402,4314.8804
1449.7090952426,4301.987
1448.9992260961,4298.9097
1448.2892682859,4308.9033
1447.5792217974,4323.627
1446.8690866161,4329.397
1446.1588627272,4328.1226
1445.4485501161,4328.942
1444.7381487682,4326.7144
1444.0276586687,4316.7812
1443.3170798031,4310.814
1442.6064121567,4323.536
1441.8956557148,4363.619
1441.1848104627,4426.405
1440.4738763858,4484.839
1439.7628534694,4510.0083
1439.0517416988,4498.4604
1438.3405410594,4468.933
1437.6292515363,4442.5747
1436.9178731151,4425.0894
1436.2064057809,4406.219
1435.4948495191,4383.4004
1434.7832043150,4364.31
1434.0714701539,4348.205
1433.359647021,4334.9473
1432.6477349017,4335.7817
1431.9357337812,4365.809
1431.2236436449,4428.8315
1430.511464478,4498.215
1429.7991962657,4527.835
1429.0868389935,4491.894
1428.3743926464,4417.9126
1427.6618572099,4369.929
1426.9492326692,4378.2495
1426.2365190094,4412.082
1425.5237162160,4432.2456
1424.8108242741,4434.34
1424.0978431690,4432.3413
1423.384772886,4432.0317
1422.6716134102,4432.276
1421.958364727,4432.7705
1421.2450268215,4433.521
1420.5315996790,4433.1025
1419.8180832848,4427.876
1419.1044776240,4417.756
1418.3907826819,4412.0864
1417.6769984437,4413.618
1416.9631248946,4404.1597
1416.2491620199,4370.15
1415.5351098047,4331.7124
1414.8209682342,4313.8584
1414.1067372937,4311.945
1413.3924169684,4315.948
1412.6780072434,4324.446
1411.963508104,4328.7886
1411.2489195353,4327.8516
1410.5342415225,4340.6323
1409.8194740508,4376.4824
1409.1046171054,4419.009
1408.3896706715,4446.015
1407.6746347342,4446.401
1406.9595092787,4432.409
1406.2442942902,4426.73
1405.5289897539,4417.8506
1404.8135956548,4371.9346
1404.0981119782,4302.8677
1403.3825387092,4269.6157
1402.666875833,4292.28
1401.9511233346,4332.015
1401.2352811993,4354.6646
1400.5193494122,4361.4873
1399.8033279584,4365.7754
1399.0872168231,4370.685
1398.3710159913,4370.3145
1397.6547254482,4363.73
1396.9383451790,4358.4253
1396.2218751688,4359.18
1395.5053154026,4363.912
1394.7886658655,4370.798
1394.0719265428,4379.3774
1393.3550974195,4387.633
1392.6381784806,4396.137
1391.9211697114,4411.6255
1391.2040710968,4436.356
1390.4868826220,4456.7056
1389.7696042721,4457.357
1389.0522360322,4439.239
1388.3347778872,4410.8066
1387.6172298224,4381.346
1386.8995918228,4360.6523
1386.1818638735,4345.1724
1385.4640459594,4327.746
1384.7461380658,4317.908
1384.0281401776,4323.224
1383.3100522799,4336.68
1382.5918743578,4357.541
1381.8736063963,4391.086
1381.1552483805,4430.0933
1380.4368002954,4456.959
1379.7182621260,4456.42
1378.9996338574,4431.2266
1378.2809154747,4412.0713
1377.5621069628,4424.572
1376.8432083067,4444.1357
1376.1242194916,4424.2236
1375.4051405024,4367.0156
1374.6859713241,4328.1997
1373.9667119418,4343.8657
1373.2473623404,4386.5005
1372.5279225050,4414.5205
1371.8083924206,4422.6777
1371.0887720721,4423.477
1370.3690614446,4422.011
1369.6492605231,4419.5645
1368.9293692925,4416.526
1368.2093877378,4410.402
1367.4893158440,4402.1743
1366.7691535962,4397.5225
1366.0489009792,4395.4956
1365.3285579780,4389.7876
1364.6081245777,4381.739
1363.8876007631,4376.4355
1363.1669865193,4376.0938
1362.4462818312,4381.7007
1361.7254866837,4387.8433
1361.0046010618,4381.4893
1360.2836249504,4358.0845
1359.5625583346,4338.6187
1358.8414011991,4351.9253
1358.1201535291,4391.71
1357.3988153093,4419.3726
1356.6773865248,4412.5327
1355.9558671605,4386.4746
1355.2342572012,4369.5146
1354.5125566319,4370.656
1353.7907654376,4377.665
1353.0688836031,4374.879
1352.3469111133,4352.3306
1351.6248479532,4316.0503
1350.9026941076,4288.2524
1350.1804495615,4282.986
1349.4581142997,4294.177
1348.7356883072,4315.6797
1348.0131715688,4347.866
1347.2905640695,4379.053
1346.567865794,4390.689
1345.8450767273,4380.2617
1345.1221968542,4365.191
1344.3992261597,4365.6514
1343.6761646286,4383.237
1342.9530122457,4404.7866
1342.2297689959,4421.6133
1341.5064348641,4426.9688
1340.7830098352,4411.6167
1340.0594938939,4383.114
1339.3358870252,4369.1636
1338.6121892138,4377.52
1337.8884004446,4378.4155
1337.1645207025,4351.375
1336.4405499722,4318.416
1335.7164882387,4309.1455
1334.9923354867,4326.885
1334.2680917011,4359.1655
1333.5437568667,4393.0503
1332.8193309682,4417.0034
1332.0948139906,4417.574
1331.3702059185,4381.4824
1330.6455067369,4320.6035
1329.9207164306,4282.0146
1329.1958349842,4300.083
1328.4708623827,4358.2476
1327.7457986107,4410.0195
1327.0206436532,4418.7524
1326.2953974949,4385.475
1325.5700601205,4344.35
1324.8446315148,4322.751
1324.1191116627,4320.9688
1323.3935005489,4331.29
1322.6677981581,4346.664
1321.9420044751,4357.913
1321.2161194847,4362.5933
1320.4901431716,4363.43
1319.7640755207,4367.4927
1319.0379165165,4390.2285
1318.311666144,4435.7754
1317.5853243877,4477.837
1316.8588912325,4482.295
1316.1323666632,4448.7373
1315.4057506643,4405.689
1314.6790432207,4368.5103
1313.9522443171,4333.31
1313.2253539382,4299.9717
1312.4983720687,4275.1816
1311.7712986934,4267.76
1311.0441337969,4281.2236
1310.316877364,4307.306
1309.5895293793,4335.87
1308.8620898276,4358.3154
1308.1345586935,4372.5474
1307.4069359618,4386.0244
1306.6792216171,4396.6577
1305.9514156442,4395.4443
1305.2235180276,4380.6274
1304.4955287521,4348.4473
1303.7674478025,4304.657
1303.0392751632,4278.188
1302.3110108190,4285.601
1301.5826547546,4306.6816
1300.8542069547,4315.862
1300.1256674038,4309.42
1299.3970360867,4297.7144
1298.6683129879,4290.9326
1297.9394980923,4288.8574
1297.2105913842,4279.8564
1296.4815928486,4257.048
1295.7525024698,4233.6113
1295.0233202327,4227.9277
1294.2940461218,4236.7944
1293.5646801217,4237.9155
1292.8352222172,4216.116
1292.1056723927,4184.128
1291.3760306329,4173.3955
1290.6462969224,4192.879
1289.9164712459,4214.1997
1289.1865535879,4215.2646
1288.456543933,4209.7344
1287.7264422659,4217.443
1286.9962485710,4231.033
1286.2659628332,4229.813
1285.5355850368,4205.8643
1284.8051151665,4169.8066
1284.0745532068,4145.956
1283.3438991424,4150.396
1282.6131529578,4172.127
1281.8823146377,4192.0396
1281.1513841664,4209.407
1280.4203615287,4225.1265
1279.6892467090,4220.116
1278.9580396920,4188.0747
1278.2267404622,4164.7026
1277.4953490040,4180.73
1276.7638653022,4219.49
1276.0322893412,4251.7856
1275.3006211055,4269.2847
1274.5688605797,4269.399
1273.8370077483,4249.825
1273.1050625958,4224.0557
1272.3730251069,4214.808
1271.6408952658,4233.735
1270.9086730573,4270.1978
1270.1763584659,4298.5356
1269.4439514759,4302.719
1268.7114520719,4283.7803
1267.9788602385,4246.7153
1267.2461759601,4202.119
1266.5133992212,4169.0156
1265.7805300063,4160.4355
1265.0475683,4175.0977
1264.3145140866,4197.9062
1263.5813673506,4207.194
1262.8481280766,4197.451
1262.1147962490,4190.6074
1261.3813718523,4208.8228
1260.6478548709,4246.904
1259.9142452894,4274.9214
1259.1805430921,4267.175
1258.4467482635,4236.0576
1257.7128607881,4218.423
1256.9788806503,4230.1006
1256.2448078346,4253.9175
1255.5106423253,4260.2266
1254.7763841071,4236.129
1254.0420331641,4204.0845
1253.3075894810,4198.2905
1252.5730530422,4219.3574
1251.8384238319,4242.449
1251.1037018348,4253.8584
1250.3688870351,4247.178
1249.6339794173,4220.6978
1248.8989789659,4189.718
1248.1638856651,4168.3613
1247.4286994995,4149.6396
1246.6934204534,4125.172
1245.9580485111,4101.9966
1245.2225836572,4086.1128
1244.487025876,4080.4905
1243.7513751518,4093.9163
1243.0156314690,4124.1636
1242.2797948121,4154.0757
1241.5438651654,4173.143
1240.8078425132,4182.8516
1240.0717268399,4185.972
1239.33551813,4185.932
1238.5992163676,4191.9844
1237.8628215373,4208.807
1237.1263336233,4225.3647
1236.38975261,4232.2104
1235.6530784817,4237.072
1234.9163112229,4247.4976
1234.1794508177,4252.2603
1233.4424972506,4243.3086
1232.7054505058,4237.6035
1231.9683105677,4249.0996
1231.2310774207,4267.924
1230.493751049,4277.4824
1229.7563314369,4269.1353
1229.0188185688,4248.051
1228.2812124290,4230.9365
1227.5435130018,4232.821
1226.8057202714,4252.932
1226.0678342222,4269.7676
1225.3298548384,4263.782
1224.5917821044,4244.554
1223.8536160044,4236.8867
1223.1153565228,4248.0605
1222.3770036437,4267.553
1221.6385573515,4289.053
1220.9000176304,4310.874
1220.1613844647,4322.197
1219.4226578387,4312.8633
1218.6838377367,4290.6245
1217.9449241428,4266.1113
1217.2059170413,4235.301
1216.4668164165,4197.5015
1215.7276222527,4165.4844
1214.988334534,4146.997
1214.2489532447,4137.8213
1213.5094783691,4132.1484
1212.7699098913,4134.343
1212.0302477956,4156.021
1211.2904920663,4190.551
1210.5506426875,4218.034
1209.8106996434,4240.8564
1209.0706629183,4270.2666
1208.3305324964,4294.6157
1207.5903083619,4295.075
1206.8499904989,4274.802
1206.1095788917,4258.403
1205.3690735245,4264.3325
1204.6284743815,4286.9575
1203.8877814468,4305.3696
1203.1469947046,4300.319
1202.4061141392,4276.548
1201.6651397346,4262.879
1200.9240714751,4271.4565
1200.1829093448,4283.5415
1199.4416533279,4281.7603
1198.7003034085,4275.4565
1197.9588595709,4286.238
1197.2173217991,4311.062
1196.4756900773,4324.7876
1195.7339643897,4319.3975
1194.9921447204,4312.8667
1194.2502310535,4321.6895
1193.5082233732,4342.8936
1192.7661216636,4359.2944
1192.0239259088,4354.8965
1191.2816360930,4328.2227
1190.5392522003,4292.217
1189.7967742147,4265.1685
1189.0542021205,4262.826
1188.3115359016,4290.1724
1187.5687755423,4328.2124
1186.8259210266,4344.159
1186.0829723386,4334.7046
1185.3399294624,4325.7437
1184.5967923822,4325.915
1183.8535610819,4323.288
1183.1102355457,4315.335
1182.3668157576,4314.9736
1181.6233017018,4326.727
1180.8796933622,4333.3086
1180.1359907231,4322.8887
1179.3921937684,4311.119
1178.6483024821,4317.6284
1177.9043168484,4334.823
1177.1602368514,4341.0747
1176.416062475,4332.9663
1175.6717937032,4321.891
1174.9274305203,4317.846
1174.1829729101,4329.4956
1173.4384208567,4358.045
1172.6937743442,4387.674
1171.9490333565,4399.4272
1171.2041978778,4396.511
1170.4592678919,4396.7188
1169.7142433831,4400.942
1168.9691243351,4392.8164
1168.2239107321,4375.744
1167.4786025581,4373.794
1166.7331997971,4387.009
1165.987702433,4385.9443
1165.2421104499,4358.5117
1164.4964238317,4338.264
1163.7506425624,4362.9736
1163.0047666261,4416.618
1162.2587960067,4451.418
1161.5127306881,4452.7593
1160.7665706544,4440.125
1160.0203158895,4421.716
1159.2739663774,4389.926
1158.5275221020,4351.211
1157.7809830474,4327.5615
1157.0343491973,4331.6997
1156.2876205359,4355.3027
1155.540797047,4378.4824
1154.7938787146,4388.194
1154.0468655226,4386.447
1153.299757455,4380.974
1152.5525544956,4377.584
1151.8052566285,4380.0767
1151.0578638375,4391.054
1150.3103761066,4416.005
1149.5627934196,4451.2314
1148.8151157606,4472.1504
1148.0673431133,4463.094
1147.3194754617,4443.201
1146.5715127898,4443.5977
1145.8234550813,4472.9087
1145.0753023202,4510.327
1144.3270544904,4531.4526
1143.5787115757,4536.179
1142.8302735601,4540.7686
1142.0817404275,4556.511
1141.3331121616,4583.4536
1140.5843887464,4606.2876
1139.8355701657,4603.369
1139.0866564035,4572.2524
1138.3376474435,4536.0684
1137.5885432696,4519.2124
1136.8393438657,4520.6187
1136.0900492156,4522.4346
1135.3406593031,4522.2373
1134.5911741122,4530.4644
1133.8415936266,4543.403
1133.0919178301,4547.3755
1132.3421467067,4541.0005
1131.5922802401,4532.886
1130.8423184141,4521.009
1130.0922612126,4495.803
1129.3421086194,4466.4077
1128.5918606183,4457.942
1127.8415171930,4474.226
1127.0910783275,4492.7515
1126.3405440055,4506.0957
1125.5899142107,4531.681
1124.8391889271,4565.2344
1124.0883681383,4577.7036
1123.3374518281,4568.8647
1122.5864399805,4561.029
1121.835332579,4552.897
1121.0841296075,4536.976
1120.3328310498,4533.662
1119.5814368895,4563.9443
1118.8299471106,4617.5596
1118.0783616967,4670.9053
1117.3266806316,4704.3887
1116.5749038990,4701.3887
1115.8230314828,4659.574
1115.0710633665,4607.6387
1114.3189995340,4586.288
1113.5668399691,4602.2334
1112.8145846553,4633.3267
1112.0622335766,4667.9844
1111.3097867165,4706.5845
1110.5572440588,4737.8394
1109.8046055872,4733.2905
1109.0518712855,4676.6367
1108.2990411373,4592.4165
1107.5461151263,4521.9614
1106.7930932363,4479.42
1106.039975451,4456.071
1105.2867617539,4456.6895
1104.5334521289,4497.3325
1103.7800465596,4569.175
1103.0265450297,4636.7437
1102.2729475229,4668.6567
1101.5192540228,4658.8257
1100.7654645131,4632.7188
1100.0115789775,4624.949
1099.2575973996,4638.9097
1098.5035197631,4651.741
1097.7493460517,4657.5566
1096.995076249,4670.7983
1096.2407103386,4692.7
1095.4862483042,4706.9663
1094.7316901295,4699.5244
1093.977035798,4666.916
1093.2222852934,4618.026
1092.4674385994,4574.7656
1091.7124956995,4559.154
1090.9574565774,4572.904
1090.2023212166,4597.5415
1089.4470896009,4612.4893
1088.6917617138,4615.6177
1087.9363375388,4627.457
1087.1808170598,4654.355
1086.4252002601,4670.763
1085.6694871234,4659.818
1084.9136776333,4632.2803
1084.1577717734,4603.818
1083.4017695273,4579.8223
1082.6456708785,4556.725
1081.8894758106,4535.778
1081.1331843072,4532.5054
1080.3767963519,4556.9956
1079.6203119282,4597.266
1078.8637310196,4637.258
1078.1070536098,4670.631
1077.3502796823,4691.3457
1076.5934092206,4697.6196
1075.8364422082,4695.563
1075.0793786288,4681.8926
1074.3222184658,4651.0205
1073.5649617028,4617.6436
1072.8076083233,4602.801
1072.0501583108,4608.5386
1071.2926116489,4620.862
1070.5349683210,4630.3604
1069.7772283107,4643.152
1069.0193916016,4666.6484
1068.261458177,4696.1104
1067.5034280204,4722.5093
1066.7453011155,4736.1084
1065.9870774457,4729.825
1065.2287569944,4717.956
1064.4703397452,4723.935
1063.7118256816,4741.257
1062.9532147869,4745.677
1062.1945070448,4735.9863
1061.4357024386,4724.5415
1060.6768009518,4709.1436
1059.9178025679,4681.4404
1059.1587072704,4645.8374
1058.3995150426,4620.3877
1057.6402258682,4625.046
1056.8808397304,4660.5093
1056.1213566127,4705.8965
1055.3617764987,4742.4395
1054.6020993716,4761.986
1053.8423252150,4761.9424
1053.0824540123,4753.685
1052.3224857469,4754.3306
1051.5624204022,4759.658
1050.8022579616,4756.989
1050.0419984086,4756.6416
1049.2816417265,4773.3745
1048.5211878988,4794.546
1047.7606369088,4797.389
1046.9999887400,4777.85
1046.2392433757,4750.3857
1045.4784007994,4728.168
1044.7174609944,4714.111
1043.9564239441,4714.687
1043.1952896318,4736.0044
1042.4340580410,4762.162
1041.6727291550,4770.404
1040.9113029572,4757.402
1040.1497794309,4732.661
1039.3881585596,4709.2896
1038.6264403265,4703.5566
1037.8646247149,4717.143
1037.1027117084,4727.248
1036.3407012901,4715.1543
1035.5785934434,4691.5264
1034.8163881517,4683.905
1034.0540853983,4700.553
1033.2916851665,4713.91
1032.5291874397,4699.6562
1031.7665922011,4677.2783
1031.0038994340,4681.6406
1030.2411091219,4712.7734
1029.4782212479,4744.329
1028.7152357954,4764.279
1027.9521527477,4780.209
1027.1889720881,4802.812
1026.4256937998,4840.2944
1025.6623178662,4882.1
1024.8988442706,4891.2695
1024.1352729962,4845.9517
1023.3716040262,4773.806
1022.6078373440,4724.4624
1021.8439729329,4711.5513
1021.0800107760,4705.415
1020.3159508567,4692.683
1019.5517931582,4695.541
1018.7875376637,4719.5615
1018.0231843566,4736.8984
1017.2587332200,4731.818
1016.4941842372,4719.278
1015.7295373914,4713.08
1014.9647926659,4708.678
1014.1999500439,4701.5234
1013.4350095085,4703.604
1012.6699710431,4727.6943
1011.9048346309,4764.245
1011.139600255,4786.5933
1010.3742678986,4772.9893
1009.6088375450,4730.491
1008.8433091774,4688.2627
1008.0776827789,4660.11
1007.3119583328,4648.834
1006.5461358222,4669.082
1005.7802152304,4719.329
1005.0141965404,4761.973
1004.2480797356,4766.341
1003.481864799,4745.999
1002.7155517138,4726.375
1001.9491404632,4705.822
1001.1826310303,4681.5586
1000.4160233983,4674.855
999.6493175504,4697.776
998.8825134697,4731.3506
998.1156111394,4755.3325
997.3486105425,4769.3213
996.5815116623,4779.752
995.8143144818,4789.7705
995.0470189842,4798.0146
994.2796251526,4795.3184
993.5121329701,4777.877
992.7445424199,4756.1313
991.976853485,4738.78
991.2090661486,4728.604
990.4411803938,4733.1514
989.6731962036,4755.798
988.9051135612,4782.454
988.1369324497,4792.943
987.3686528521,4783.7163
986.6002747516,4773.814
985.8317981311,4781.1733
985.0632229739,4796.9272
984.2945492629,4800.749
983.5257769813,4798.2725
982.7569061120,4811.013
981.9879366383,4835.3916
981.2188685430,4849.9473
980.4497018093,4846.041
979.6804364202,4828.371
978.9110723588,4808.432
978.1416096081,4800.0776
977.3720481511,4807.3813
976.6023879709,4823.9775
975.8326290505,4844.9165
975.0627713729,4872.088
974.2928149212,4910.2593
973.5227596783,4954.2266
972.7526056274,4976.069
971.9823527512,4950.4346
971.2120010330,4901.0645
970.4415504557,4880.5005
969.6710010023,4899.4966
968.9003526557,4922.6104
968.1296053990,4935.056
967.3587592152,4956.824
966.5878140872,4986.517
965.816769998,5000.459
965.0456269306,4999.3877
964.2743848679,4995.8975
963.5030437929,4988.4746
962.7316036887,4977.8984
961.9600645380,4966.4766
961.188426324,4945.025
960.4166890295,4910.1704
959.6448526374,4879.5034
958.8729171308,4875.2217
958.1008824925,4905.187
957.3287487055,4964.1514
956.5565157528,5033.088
955.7841836171,5079.195
955.0117522816,5080.705
954.239221729,5050.1763
953.4665919423,5014.142
952.6938629043,4986.079
951.9210345981,4977.7285
951.1481070065,5001.5522
950.3750801124,5043.046
949.6019538987,5069.543
948.8287283482,5070.0806
948.0554034439,5056.643
947.2819791687,5039.1655
946.5084555053,5025.6406
945.7348324368,5028.4614
944.9611099459,5049.866
944.1872880155,5076.927
943.4133666285,5097.928
942.6393457677,5116.8267
941.8652254161,5145.637
941.0910055563,5173.3394
940.3166861713,5162.4966
939.542267244,5100.071
938.7677487571,5029.565
937.9931306934,5013.14
937.2184130359,5070.101
936.4435957673,5160.7505
935.6686788705,5225.332
934.8936623282,5230.6426
934.1185461233,5189.801
933.3433302386,5143.7017
932.5680146568,5119.766
931.7925993609,5114.1455
931.0170843335,5108.685
930.2414695575,5098.7554
929.4657550157,5100.7397
928.6899406907,5120.892
927.9140265655,5140.882
927.1380126228,5147.737
926.3618988454,5143.3306
925.585685216,5134.185
924.8093717173,5136.102
924.0329583322,5158.106
923.2564450434,5185.2095
922.4798318337,5205.381
921.7031186857,5220.2427
920.9263055823,5224.6865
920.1493925062,5206.215
919.3723794401,5168.533
918.5952663667,5143.815
917.8180532687,5156.2607
917.040740129,5190.831
916.2633269301,5216.2275
915.4858136549,5209.113
914.7082002859,5167.863
913.9304868060,5126.9375
913.1526731979,5123.4644
912.3747594441,5153.4907
911.5967455275,5193.1255
910.8186314306,5235.2534
910.0404171363,5287.225
909.2621026271,5348.452
908.4836878858,5401.574
907.7051728949,5427.329
906.9265576373,5419.8774
906.1478420955,5394.279
905.3690262522,5377.532
904.5901100901,5378.451
903.8110935918,5380.262
903.0319767399,5367.739
902.2527595171,5356.298
901.4734419061,5383.246
900.6940238895,5446.0405
899.9145054498,5494.956
899.1348865698,5512.672
898.3551672321,5524.1597
897.5753474192,5532.5386
896.7954271138,5523.2534
896.0154062985,5508.083
895.2352849559,5509.0264
894.4550630687,5525.8374
893.6747406193,5545.9604
892.8943175904,5560.548
892.1137939646,5566.705
891.3331697245,5577.9683
890.5524448526,5616.6206
889.7716193316,5673.8857
888.9906931439,5715.032
888.2096662722,5728.3438
887.4285386991,5728.8335
886.6473104071,5716.6934
885.8659813787,5670.432
885.0845515965,5601.986
884.3030210431,5561.941
883.5213897009,5565.244
882.7396575526,5585.02
881.9578245807,5615.0405
881.1758907677,5663.6167
880.3938560961,5717.2095
879.6117205485,5758.997
878.8294841073,5783.289
878.0471467551,5784.0117
877.2647084744,5765.8276
876.4821692477,5750.9307
875.6995290576,5746.899
874.9167878864,5734.5713
874.1339457167,5710.102
873.3510025311,5703.0825
872.5679583119,5732.461
871.7848130416,5781.29
871.0015667028,5818.7275
870.2182192779,5824.2266
869.4347707493,5789.4536
868.6512210996,5720.826
867.8675703112,5648.4087
867.0838183666,5603.563
866.2999652482,5591.5273
865.5160109384,5600.2275
864.7319554197,5618.988
863.9477986746,5636.298
863.1635406855,5645.4937
862.3791814347,5650.066
861.5947209048,5648.824
860.8101590782,5642.4146
860.0254959372,5643.9995
859.2407314643,5655.6963
858.4558656419,5653.051
857.6708984525,5615.778
856.8858298783,5569.4116
856.1006599019,5569.642
855.3153885055,5632.6523
854.5300156717,5713.208
853.7445413827,5759.687
852.9589656210,5752.305
852.1732883689,5699.0864
851.3875096089,5635.203
850.6016293232,5600.1367
849.8156474943,5600.6255
849.0295641044,5624.1333
848.2433791360,5660.122
847.4570925715,5692.4795
846.6707043931,5712.0347
845.8842145831,5721.3306
845.0976231241,5710.158
844.3109299982,5668.498
843.5241351878,5618.1597
842.7372386752,5593.017
841.9502404428,5603.8325
841.1631404729,5641.527
840.3759387478,5698.2886
839.5886352497,5760.8643
838.8012299611,5794.9717
838.0137228642,5780.652
837.2261139412,5742.128
836.4384031746,5714.1353
835.6505905466,5710.754
834.8626760394,5725.8027
834.0746596353,5740.9683
833.2865413167,5744.7944
832.4983210658,5746.0347
831.7099988648,5756.9673
830.9215746961,5784.108
830.1330485419,5838.3086
829.3444203844,5908.7026
828.5556902058,5943.557
827.7668579886,5914.306
826.9779237148,5872.99
826.1888873667,5888.1426
825.3997489265,5949.802
824.6105083766,6003.782
823.8211656990,6036.4546
823.0317208761,6061.293
822.2421738900,6082.65
821.452524723,6113.1
820.6627733572,6173.341
819.8729197749,6256.637
819.0829639583,6329.0156
818.2929058895,6373.6685
817.5027455508,6391.846
816.7124829243,6383.9966
815.9221179923,6373.8677
815.1316507368,6386.301
814.3410811402,6403.6035
813.5504091844,6404.389
812.7596348518,6403.9155
811.9687581245,6422.8574
811.1777789846,6449.8403
810.3866974142,6453.6753
809.5955133956,6427.8003
808.8042269109,6403.965
808.0128379422,6405.9507
807.2213464716,6425.757
806.4297524814,6451.288
805.6380559535,6458.404
804.8462568702,6423.8257
804.0543552135,6380.937
803.2623509656,6377.577
802.4702441086,6397.3545
801.6780346245,6393.704
800.8857224955,6362.085
800.0933077037,6335.8193
799.3007902312,6342.927
798.5081700601,6387.139
797.7154471724,6438.26
796.9226215502,6454.55
796.1296931757,6440.3906
795.3366620308,6437.272
794.5435280976,6454.9595
793.7502913583,6472.448
792.9569517948,6485.085
792.1635093893,6497.64
791.3699641237,6507.9546
790.5763159801,6516.5967
789.7825649406,6525.4937
788.9887109872,6535.8726
788.1947541019,6559.2646
787.4006942668,6611.8394
786.6065314639,6690.102
785.8122656751,6767.4976
785.0178968826,6825.8423
784.2234250683,6881.481
783.4288502143,6965.182
782.6341723024,7090.6143
781.8393913149,7248.726
781.0445072335,7413.9556
780.2495200404,7571.7534
779.4544297175,7751.1475
778.6592362467,7988.5356
777.8639396102,8272.008
777.0685397898,8563.251
776.2730367675,8853.55
775.4774305252,9169.182
774.6817210450,9526.367
773.8859083088,9925.445
773.0899922985,10372.481
772.2939729961,10879.474
771.4978503835,11478.18
770.7016244427,12193.3545
769.9052951556,13014.388
769.1088625042,13956.162
768.3123264702,15055.67
767.5156870358,16311.815
766.7189441828,17731.537
765.9220978930,19349.748
765.1251481485,21147.137
764.3280949311,23017.088
763.5309382227,24781.701
762.7336780052,26205.125
761.9363142605,27100.934
761.1388469705,27458.834
760.3412761170,27390.393
759.5436016820,26989.39
758.7458236474,26267.605
757.9479419949,25167.154
757.1499567065,23659.27
756.3518677639,21849.885
755.5536751492,19936.406
754.7553788441,18108.238
753.9569788304,16507.371
753.1584750901,15182.659
752.3598676049,14070.93
751.5611563566,13088.844
750.7623413272,12214.796
749.9634224985,11441.707
749.1643998522,10749.41
748.3652733701,10147.823
747.5660430342,9640.426
746.7667088261,9185.317
745.9672707278,8769.238
745.1677287209,8440.318
744.3680827873,8221.79
743.5683329088,8061.572
742.7684790672,7885.207
741.9685212443,7673.2573
741.1684594217,7479.53
740.3682935814,7359.102
739.5680237050,7296.729
738.7676497744,7233.366
737.9671717712,7141.3105
737.1665896773,7043.4683
736.3659034745,6977.759
735.5651131443,6964.533
734.7642186686,6977.5977
733.9632200292,6952.019
733.1621172077,6862.
732.3609101859,6747.9414
731.5595989456,6657.3228
730.7581834683,6612.5625
729.9566637359,6602.421
729.1550397301,6589.989
728.3533114326,6568.335
727.551478825,6574.393
726.7495418890,6624.694
725.9475006065,6681.1055
725.145354959,6688.92
724.3431049282,6628.4023
723.5407504959,6524.146
722.7382916436,6413.4116
721.9357283531,6328.4775
721.1330606061,6290.3677
720.3302883841,6290.5464
719.5274116689,6310.012
718.7244304421,6345.736
717.9213446854,6385.2847
717.1181543804,6406.1025
716.3148595087,6409.1226
715.5114600520,6408.17
714.7079559919,6404.6265
713.9043473101,6392.014
713.1006339881,6365.955
712.2968160077,6324.052
711.4928933503,6264.3945
710.6888659976,6200.574
709.8847339313,6159.9185
709.0804971328,6150.1875
708.2761555839,6150.5605
707.4717092661,6136.3223
706.667158161,6104.818
705.8625022501,6071.424
705.0577415151,6047.3354
704.2528759376,6044.9946
703.4479054990,6076.2607
702.6428301811,6126.7383
701.8376499652,6163.305
701.0323648331,6160.9663
700.2269747661,6125.113
699.4214797460,6095.933
698.6158797542,6101.953
697.8101747723,6120.8315
697.0043647817,6119.521
696.1984497641,6103.9395
695.3924297010,6094.7993
694.5863045739,6094.95
693.7800743642,6101.6763
692.9737390536,6110.6387
692.1672986235,6112.277
691.3607530554,6105.974
690.5541023308,6098.1826
689.7473464312,6078.785
688.9404853382,6045.8447
688.1335190331,6042.208
687.3264474975,6104.239
686.5192707129,6206.3135
685.7119886607,6300.8545
684.9046013224,6369.758
684.0971086794,6417.5615
683.2895107133,6455.5527
682.4818074054,6492.6265
681.6739987373,6530.207
680.8660846903,6566.9873
680.0580652459,6593.1025
679.2499403855,6603.387
678.4417100907,6617.9565
677.6333743427,6658.577
676.8249331231,6728.1304
676.0163864132,6815.6743
675.2077341944,6901.304
674.3989764482,6966.877
673.5901131560,7015.9604
672.7811442992,7074.267
671.9720698592,7145.225
671.1628898173,7213.0073
670.3536041549,7310.001
669.5442128535,7486.045
668.7347158944,7716.219
667.925113259,7922.748
667.1154049286,8067.023
666.3055908846,8174.805
665.4956711085,8279.989
664.6856455814,8396.379
663.8755142849,8561.884
663.0652772002,8833.501
662.2549343086,9214.683
661.4444855916,9656.31
660.6339310304,10125.918
659.8232706064,10624.268
659.0125043009,11173.176
658.2016320952,11831.824
657.3906539706,12677.587
656.5795699085,13777.063
655.7683798901,15212.532
654.9570838968,17086.162
654.1456819098,19479.99
653.3341739105,22409.072
652.5225598801,25763.361
651.7108397999,29298.324
650.8990136513,32660.693
650.0870814154,35385.562
649.2750430735,37014.867
648.4628986069,37334.05
647.6506479969,36421.94
646.8382912247,34489.945
646.0258282716,31806.285
645.2132591188,28735.877
644.4005837476,25695.521
643.5878021392,23020.406
642.7749142748,20838.148
641.9619201357,19086.307
641.1488197030,17699.6
640.3356129581,16689.547
639.5222998821,16065.356
638.7088804563,15798.844
637.8953546617,15842.847
637.0817224798,16184.287
636.2679838916,16869.74
635.4541388783,17922.45
634.6401874211,19328.994
633.8261295012,21126.525
633.0119650999,23356.805
632.1976941982,25988.484
631.3833167773,28923.668
630.5688328184,31989.5
629.7542423027,34946.312
628.9395452113,37446.004
628.1247415254,39070.434
627.3098312261,39625.58
626.4948142946,39203.836
625.6796907119,37881.133
624.8644604593,35686.55
624.0491235178,32861.508
623.2336798686,29854.2
622.4181294929,27040.756
621.6024723716,24531.594
620.786708486,22264.309
619.9708378171,20229.271
619.1548603461,18481.316
618.338776054,17008.562
617.5225849219,15745.449
616.7062869309,14666.912
615.8898820622,13777.895
615.0733702967,13053.94
614.2567516155,12469.858
613.4400259998,12022.495
612.6231934306,11671.087
611.8062538889,11342.595
610.9892073559,11011.391
610.1720538125,10698.965
609.3547932397,10414.901
608.5374256188,10156.493
607.7199509306,9936.724
606.9023691562,9766.862
606.0846802767,9625.642
605.2668842730,9459.641
604.4489811263,9242.328
603.6309708174,9032.169
602.8128533275,8904.193
601.9946286374,8840.658
601.1762967283,8762.774
600.3578575811,8639.011
599.5393111768,8503.187
598.7206574963,8392.278
597.9018965208,8312.204
597.0830282311,8240.157
596.2640526082,8149.743
595.4449696332,8059.796
594.6257792868,8018.5854
593.8064815502,8028.7188
592.9870764043,8049.212
592.1675638300,8049.8545
591.3479438083,8013.5024
590.5282163200,7929.474
589.7083813462,7828.337
588.8884388678,7773.0386
588.0683888657,7772.451
587.2482313208,7760.3716
586.4279662140,7691.0386
585.6075935263,7603.489
584.7871132386,7561.809
583.9665253317,7561.72
583.1458297866,7549.165
582.3250265842,7509.048
581.5041157053,7464.955
580.6830971308,7426.117
579.8619708416,7399.108
579.0407368187,7406.0117
578.2193950428,7441.0356
577.3979454948,7449.6216
576.5763881556,7395.8096
575.7547230061,7319.5103
574.9329500271,7282.823
574.1110691994,7285.4414
573.2890805039,7276.109
572.4669839214,7242.4062
571.6447794328,7219.369
570.8224670189,7220.4004
570.0000466606,7246.926
569.1775183385,7320.912
568.3548820336,7434.681
567.5321377267,7526.7925
566.7092853985,7540.4014
565.88632503,7478.4644
565.0632566017,7401.9707
564.2400800947,7368.8096
563.4167954896,7383.6006
562.5934027672,7417.173
561.7699019083,7436.096
560.9462928937,7415.5386
560.1225757042,7376.6675
559.2987503205,7377.703
558.4748167233,7431.6343
557.6507748935,7484.7173
556.8266248118,7488.397
556.0023664589,7454.7783
555.1779998155,7432.512
554.3535248625,7441.2915
553.5289415804,7453.2065
552.7042499502,7451.1255
551.8794499524,7458.54
551.0545415678,7485.6055
550.2295247772,7504.149
549.4043995611,7497.1216
548.5791659004,7480.552
547.7538237756,7467.389
546.9283731676,7453.1924
546.1028140570,7425.751
545.2771464245,7378.929
544.4513702508,7332.656
543.6254855165,7322.3813
542.7994922023,7364.415
541.9733902889,7434.8716
541.1471797569,7490.951
540.320860587,7510.661
539.4944327598,7497.6123
538.6678962561,7472.2383
537.8412510563,7459.8174
537.0144971413,7472.243
536.1876344915,7504.667
535.3606630877,7540.1646
534.5335829104,7554.4907
533.7063939403,7541.787
532.8790961580,7529.4297
532.0516895441,7541.6587
531.2241740792,7565.6777
530.3965497439,7570.3403
529.5688165187,7548.4585
528.7409743844,7529.595
527.9130233214,7546.404
527.0849633104,7597.2124
526.2567943319,7650.809
525.4285163665,7684.2886
524.6001293947,7704.8877
523.7716333972,7732.582
522.9430283544,7783.412
522.1143142470,7846.05
521.2854910555,7871.3496
520.4565587603,7831.9907
519.6275173422,7761.721
518.7983667815,7709.998
517.9691070589,7700.3584
517.1397381548,7731.193
516.3102600497,7777.9873
515.4806727243,7804.525
514.6509761589,7801.0776
513.8211703341,7795.7397
512.9912552304,7813.432
512.1612308283,7854.2114
511.3310971083,7920.074
510.5008540508,8024.545
509.6705016364,8165.958
508.8400398455,8314.983
508.0094686586,8425.986
507.1787880561,8469.286
506.3479980186,8466.852
505.5170985264,8478.4
504.6860895601,8538.179
503.8549711,8627.408
503.0237431266,8716.007
502.1924056205,8803.337
501.3609585618,8910.292
500.5294019313,9049.139
499.6977357091,9227.532
498.8659598758,9466.123
498.0340744118,9759.778
497.2020792975,10059.783
496.3699745132,10345.462
495.5377600395,10632.515
494.7054358566,10911.591
493.873001945,11174.492
493.0404582850,11453.04
492.2078048571,11785.859
491.3750416416,12187.062
490.5421686189,12637.347
489.7091857693,13127.084
488.8760930733,13703.655
488.0428905111,14411.997
487.2095780631,15233.004
486.3761557097,16111.61
485.5426234312,17043.693
484.7089812079,18144.04
483.8752290203,19546.365
483.0413668485,21262.55
482.207394673,23247.857
481.373312474,25498.229
480.5391202318,27952.502
479.7048179268,30396.13
478.8704055393,32572.229
478.0358830496,34353.133
477.2012504379,35751.594
476.3665076846,36752.71
475.5316547699,37189.76
474.6966916742,36872.934
473.8616183776,35799.45
473.0264348605,34154.965
472.1911411031,32173.32
471.3557370857,30050.162
470.5202227885,27938.863
469.6845981919,25951.758
468.8488632759,24107.93
468.013018021,22335.793
467.1770624072,20602.727
466.3409964149,18997.818
465.5048200243,17640.062
464.6685332156,16575.203
463.832135969,15765.6045
462.9956282647,15100.8545
462.1590100829,14456.053
461.3222814039,13796.342
460.4854422078,13186.462
459.6484924748,12696.111
458.8114321851,12323.249
457.9742613189,11995.0625
457.1369798564,11641.827
456.2995877777,11279.436
455.462085063,10978.198
454.6244716925,10762.517
453.7867476463,10596.356
452.9489129046,10439.117
452.1109674476,10276.611
451.2729112553,10127.191
450.4347443079,10039.981
449.5964665856,10032.329
448.7580780685,10036.106
447.9195787366,9973.612
447.0809685702,9859.689
446.2422475494,9778.41
445.4034156541,9768.945
444.5644728647,9778.807
443.7254191611,9754.92
442.8862545234,9727.725
442.0469789317,9753.321
441.2075923662,9817.506
440.3680948069,9856.571
439.5284862339,9856.965
438.6887666272,9880.184
437.8489359669,9978.98
437.0089942331,10130.101
436.1689414059,10264.899
435.3287774652,10344.611
434.4885023911,10392.738
433.6481161637,10468.267
432.8076187631,10623.253
431.9670101691,10859.707
431.1262903619,11127.578
430.2854593216,11386.539
429.444517028,11629.279
428.6034634612,11872.393
427.7622986013,12183.657
426.9210224281,12679.761
426.0796349218,13466.144
425.2381360623,14612.233
424.3965258296,16217.456
423.5548042037,18477.58
422.7129711646,21586.229
421.8710266922,25523.104
421.0289707665,29952.627
420.1868033674,34290.13
419.3445244750,37912.17
418.5021340691,40380.73
417.6596321298,41443.76
416.817018637,40954.47
415.9742935705,38955.74
415.1314569104,35785.95
414.2885086365,31984.242
413.4454487288,28066.68
412.6022771673,24415.205
411.7589939317,21288.854
410.9155990021,18791.191
410.0720923583,16836.555
409.2284739803,15268.411
408.3847438479,14019.415
407.5409019409,13090.468
406.6969482394,12448.135
405.8528827232,12009.371
405.0087053721,11674.452
404.1644161660,11368.409
403.3200150848,11074.568
402.4755021084,10816.08
401.6308772166,10614.78
400.7861403891,10466.741
399.9412916060,10343.934
399.0963308470,10214.646
398.2512580920,10065.832
397.4060733208,9919.082
396.5607765132,9798.86
395.7153676490,9691.639
394.8698467081,9568.647
394.0242136702,9418.154
393.1784685152,9257.811
392.3326112229,9134.177
391.4866417730,9090.601
390.6405601454,9121.474
389.7943663198,9165.291
388.9480602760,9160.146
388.1016419938,9089.285
387.255111453,8980.533
386.4084686333,8896.168
385.5617135144,8888.6
384.7148460762,8945.086
383.8678662984,9003.185
383.0207741608,9024.023
382.173569643,9024.731
381.3262527248,9031.579
380.4788233859,9057.841
379.6312816061,9109.041
378.7836273651,9152.018
377.9358606425,9137.713
377.0879814182,9064.469
376.2399896718,8982.736
375.391885383,8954.506
374.5436685315,9000.321
373.695339097,9079.843
372.8468970591,9144.32
371.9983423977,9194.896
371.1496750922,9263.201
370.3008951225,9357.751
369.4520024681,9456.913
368.6029971088,9550.899
367.7538790241,9668.257
366.9046481938,9833.236
366.0553045975,10010.339
365.2058482147,10138.749
364.3562790252,10220.33
363.5065970086,10315.708
362.6568021446,10463.267
361.8068944126,10665.543
360.9568737924,10930.743
360.1067402635,11257.167
359.2564938056,11619.905
358.4061343982,12031.073
357.555662021,12534.298
356.7050766535,13136.695
355.8543782753,13827.763
355.0035668661,14618.869
354.1526424053,15526.572
353.3016048725,16552.426
352.4504542474,17649.715
351.5991905094,18681.605
350.7478136382,19466.334
349.8963236132,19883.984
349.0447204141,19917.086
348.1930040203,19601.441
347.3411744113,18959.32
346.4892315669,18034.951
345.6371754663,16963.328
344.7850060892,15884.197
343.9327234151,14851.899
343.0803274234,13900.584
342.2278180938,13074.64
341.3751954056,12367.501
340.5224593384,11752.793
339.6696098717,11241.43
338.8166469849,10841.965
337.9635706576,10533.804
337.1103808692,10289.989
336.2570775991,10088.203
335.4036608268,9908.759
334.5501305319,9743.591
333.6964866937,9589.972
332.8427292917,9432.49
331.9888583053,9273.761
331.134873714,9151.816
330.2807754972,9079.012
329.4265636343,9022.481
328.5722381048,8965.725
327.7177988880,8926.541
326.8632459635,8907.326
326.0085793105,8872.173
325.1537989085,8778.789
324.2989047369,8606.292
323.4438967751,8360.11
322.5887750025,8068.375
321.7335393984,7747.6245
320.8781899422,7381.5996
320.0227266134,6968.9507
319.1671493912,6563.436
318.3114582550,6230.465
317.4556531842,5978.69
316.5997341582,5764.7085
315.7437011562,5554.686
314.8875541577,5357.8784
314.0312931419,5204.5293
313.1749180881,5106.9966
312.3184289758,5052.4697
311.4618257843,5018.0054
310.6051084928,4978.8394
309.7482770806,4909.765
308.8913315271,4806.248
308.0342718116,4708.2466
307.1770979133,4657.972
306.3198098116,4642.7183
305.4624074857,4622.9873
304.6048909149,4588.5117
303.7472600785,4558.8433
302.8895149558,4543.8506
302.0316555259,4530.0796
301.1736817683,4505.0454
300.3155936621,4464.01
299.4573911865,4411.8457
298.5990743209,4375.1064
297.7406430445,4376.9487
296.8820973364,4408.379
296.023437176,4445.1514
295.1646625424,4465.543
294.3057734149,4449.328
293.4467697727,4391.3853
292.5876515949,4318.202
291.7284188608,4270.955
290.8690715496,4268.7173
290.0096096405,4296.838
289.1500331127,4325.976
288.2903419452,4335.987
287.4305361175,4322.7627
286.5706156085,4290.084
285.7105803974,4249.441
284.8504304635,4219.4487
283.9901657858,4204.757
283.1297863436,4194.4927
282.269292116,4184.794
281.4086830820,4173.183
280.5479592209,4145.516
279.6871205118,4093.3972
278.8261669338,4035.0208
277.9650984660,3999.5698
277.1039150875,3993.1997
276.2426167775,4006.6362
275.3812035150,4039.622
274.5196752792,4082.1335
273.6580320491,4104.0635
272.7962738039,4091.
271.9344005225,4055.3494
271.0724121842,4013.9814
270.2103087679,3980.9336
269.3480902528,3967.9
268.4857566178,3975.8252
267.6233078421,3990.966
266.7607439047,3999.2292
265.8980647846,3999.896
265.0352704609,3997.6794
264.1723609127,3990.143
263.3093361189,3970.0864
262.4461960586,3940.0996
261.5829407109,3919.5994
260.7195700546,3924.7195
259.8560840689,3946.4512
258.9924827327,3959.8567
258.1287660250,3947.939
257.2649339249,3913.7576
256.4009864113,3877.3281
255.5369234632,3860.258
254.6727450596,3869.363
253.8084511795,3893.0735
252.9440418018,3907.9465
252.0795169055,3897.2043
251.2148764695,3867.2336
250.3501204728,3837.7783
249.4852488944,3820.9175
248.6202617132,3814.4338
247.7551589081,3808.5696
246.8899404581,3795.2812
246.0246063421,3780.0085
245.159156539,3780.3557
244.2935910277,3799.4272
243.4279097871,3818.1267
242.5621127962,3823.698
241.6962000339,3818.969
240.830171479,3809.7068
239.9640271104,3804.491
239.0977669070,3810.0806
238.2313908477,3824.4163
237.3648989115,3840.6387
236.498291077,3846.2473
235.6315673232,3834.0503
234.7647276291,3816.345
233.8977719733,3809.4128
233.0307003348,3815.1658
232.1635126924,3820.8672
231.2962090249,3814.3943
230.4287893112,3800.12
229.5612535302,3785.6025
228.6936016605,3765.3503
227.8258336811,3738.2583
226.9579495708,3719.43
226.0899493083,3716.4524
225.2218328724,3716.2427
224.3536002421,3708.7979
223.4852513959,3702.2744
222.6167863128,3707.5657
221.7482049715,3723.5693
220.8795073508,3734.9155
220.0106934295,3727.6226
219.1417631863,3711.686
218.2727165999,3708.92
217.4035536492,3720.907
216.5342743128,3728.7273
215.6648785696,3717.1511
214.7953663982,3686.9675
213.9257377774,3650.2446
213.0559926859,3619.7358
212.1861311025,3599.0906
211.3161530058,3587.0447
210.4460583746,3588.5752
209.5758471875,3608.2688
208.7055194233,3635.6736
207.8350750607,3653.3662
206.9645140783,3657.977
206.0938364549,3656.4648
205.2230421691,3651.6753
204.3521311996,3647.3503
203.481103525,3648.5205
202.6099591240,3648.215
201.7386979754,3634.095
200.8673200576,3612.5447
199.9958253494,3604.0825
199.1242138295,3611.1294
198.2524854764,3617.564
197.3806402688,3616.4607
196.5086781853,3613.4106
195.6365992045,3612.038
194.7644033051,3611.1575
193.8920904657,3610.3757
193.0196606648,3613.0986
192.1471138810,3623.4165
191.2744500930,3635.4316
190.4016692794,3632.489
189.5287714187,3609.3745
188.6557564894,3583.6978
187.7826244703,3571.819
186.9093753398,3570.1968
186.0360090765,3571.4885
185.1625256589,3576.307
184.2889250657,3581.3389
183.4152072753,3576.658
182.5413722663,3561.8977
181.6674200173,3551.2307
180.7933505067,3552.2144
179.9191637131,3554.7178
179.044859615,3552.0002
178.1704381909,3552.2026
177.2958994193,3560.8086
176.4212432788,3573.652
175.5464697477,3587.501
174.6715788047,3596.5283
173.7965704282,3589.5017
172.9214445967,3569.2305
172.0462012886,3555.7495
171.1708404825,3558.8247
170.2953621567,3570.1355
169.4197662898,3580.5098
168.5440528602,3583.9846
167.6682218464,3576.078
166.7922732268,3558.8384
165.9162069798,3540.806
165.0400230838,3530.0981
164.1637215174,3525.8975
163.2873022589,3520.5654
162.4107652867,3511.6243
161.5341105792,3505.124
160.657338115,3509.0105
159.7804478722,3523.6777
158.9034398294,3537.2463
158.026313965,3536.7498
157.1490702572,3522.3428
156.2717086846,3504.4658
155.3942292254,3490.863
154.5166318581,3482.6758
153.638916561,3480.644
152.7610833124,3488.2654
151.8831320908,3505.018
151.0050628744,3521.4404
150.1268756416,3529.0464
149.2485703707,3525.759
148.3701470401,3512.1868
147.4916056281,3495.9373
146.6129461129,3489.3645
145.7341684730,3496.172
144.8552726867,3506.362
143.9762587321,3506.0107
143.0971265877,3493.3347
142.2178762317,3480.0847
141.3385076424,3471.6147
140.4590207981,3460.3713
139.5794156770,3445.468
138.6996922575,3439.5535
137.8198505178,3451.5142
136.9398904361,3472.9438
136.0598119908,3486.2383
135.17961516,3484.5215
134.299299922,3477.0195
133.4188662550,3475.8945
132.5383141373,3482.8667
131.6576435471,3487.6597
130.7768544626,3481.346
129.8959468621,3469.6628
129.0149207237,3467.798
128.1337760256,3480.8462
127.2525127461,3497.0735
126.3711308633,3505.3738
125.4896303555,3507.5278
124.6080112007,3508.5295
123.7262733773,3508.6382
122.8444168633,3508.583
121.9624416369,3509.2668
121.0803476764,3508.1282
120.1981349597,3507.3047
119.3158034652,3513.061
118.4333531709,3520.407
117.550784055,3518.0552
116.6680960956,3508.176
115.7852892708,3499.5283
114.9023635588,3488.6074
114.0193189376,3471.5742
113.1361553855,3459.321
112.2528728804,3461.583
111.3694714005,3473.5398
110.485950924,3485.3833
109.6023114288,3492.585
108.7185528930,3494.641
107.8346752949,3491.3079
106.9506786123,3485.781
106.0665628234,3482.691
105.1823279063,3480.65
104.2979738389,3476.0105
103.4135005994,3468.5474
102.5289081658,3462.544
101.6441965162,3464.859
100.7593656285,3475.0715
99.8744154808,3483.6377
98.9893460511,3483.376
98.1041573175,3477.1372
97.218849258,3474.7915
96.3334218505,3482.843
95.4478750730,3496.5334
94.5622089036,3504.3958
93.6764233203,3501.3125
92.7905183010,3493.3193
91.9044938237,3489.4182
91.0183498664,3493.2715
90.1320864071,3501.8987
89.2457034237,3509.5312
88.3592008941,3512.0996
87.4725787964,3505.0908
86.5858371084,3486.165
85.6989758082,3466.0715
84.8119948736,3458.8435
83.9248942826,3461.6365
83.0376740131,3460.9316
82.150334043,3450.6243
81.2628743502,3437.9065
80.3752949127,3435.1912
79.4875957083,3444.9438
78.599776715,3455.8638
77.7118379105,3457.1182
76.8237792729,3451.27
75.93560078,3448.2893
75.0473024096,3454.879
74.1588841397,3469.4048
73.2703459481,3479.97
72.3816878126,3478.6135
71.4929097111,3475.143
70.6040116215,3479.633
69.7149935216,3484.3792
68.8258553892,3481.4304
67.9365972021,3475.8281
67.0472189383,3470.5327
66.1577205754,3462.657
65.2681020913,3453.1604
64.3783634638,3444.4744
63.4885046708,3436.4827
62.59852569,3430.0664
61.7084264992,3430.634
60.8182070761,3440.9177
59.9278673986,3451.1428
59.0374074445,3449.0913
58.1468271915,3438.0652
57.2561266173,3432.7573
56.3653056998,3441.098
55.4743644166,3455.6687
54.5833027456,3462.3389
53.6921206644,3458.7646
52.8008181508,3455.2312
51.9093951826,3456.4285
51.0178517374,3458.071
50.1261877929,3459.9077
49.2344033269,3468.4211
48.3424983171,3484.5876
47.4504727412,3498.7961
46.5583265769,3503.6907
45.6660598018,3503.5845
44.7736723937,3503.7175
43.8811643302,3499.397
42.9885355890,3483.8503
42.0957861478,3459.1162
41.2029159842,3434.07
40.3099250758,3418.9229
39.4168134005,3422.022
38.5235809356,3443.252
37.6302276590,3472.6401
36.7367535483,3498.273
35.8431585810,3509.7708
34.9494427348,3500.051
34.0556059873,3474.6985
33.1616483162,3451.6409
32.267569699,3440.1072
31.3733701133,3431.9607
30.4790495367,3420.6804
29.5846079468,3410.9187
28.6900453212,3408.751
27.7953616375,3412.5728
26.9005568732,3415.8557
26.0056310059,3419.9893
25.1105840132,3431.3655
24.2154158726,3446.3572
23.3201265616,3455.7793
22.4247160579,3456.7063
21.5291843389,3451.7725
20.6335313821,3443.991
19.7377571652,3437.1003
18.8418616655,3435.2603
17.9458448607,3440.646
17.0497067283,3454.5955
16.1534472456,3473.5427
15.2570663904,3486.845
14.3605641399,3486.3594
13.4639404718,3473.1174
12.5671953634,3457.5981
11.6703287923,3452.4055
10.773340736,3458.3413
9.8762311718,3464.9558
8.9790000773,3465.8835
8.08164743,3463.1128
7.1841732071,3459.7634
6.2865773863,3459.854
5.3888599449,3467.9807
4.4910208603,3483.225
3.5930601101,3499.906
2.6949776715,3512.227
1.7967735220,3516.7437
0.8984476391,3514.1536
0.0000000000,3504.1047
-0.8985694177,3483.9841
-1.7972606368,3459.5288
-2.6960736797,3441.5928
-3.5950085692,3432.46
-4.4940653279,3426.9824
-5.3932439784,3421.9387
-6.2925445433,3418.7876
-7.1919670454,3420.361
-8.0915115071,3426.335
-8.9911779513,3433.3364
-9.8909664006,3441.8267
-10.7908768775,3455.8296
-11.6909094049,3470.5903
-12.5910640054,3472.9512
-13.4913407016,3461.658
-14.3917395163,3452.7266
-15.2922604722,3458.3728
-16.1929035919,3472.4111
-17.0936688982,3480.3328
-17.9945564139,3477.9006
-18.8955661615,3470.936
-19.7966981638,3461.763
-20.6979524436,3450.4705
-21.5993290237,3441.7659
-22.5008279266,3439.357
-23.4024491753,3441.5742
-24.3041927924,3446.9067
-25.2060588008,3455.2097
-26.1080472231,3462.1807
-27.0101580821,3464.4827
-27.9123914008,3467.905
-28.8147472017,3478.605
-29.7172255077,3491.5435
-30.6198263416,3496.4927
-31.5225497262,3491.0256
-32.4253956844,3483.5771
-33.3283642388,3486.1958
-34.2314554124,3502.502
-35.134669228,3522.6638
-36.0380057083,3533.203
-36.9414648763,3529.7883
-37.8450467548,3516.2695
-38.7487513665,3499.542
-39.6525787345,3489.1133
-40.5565288814,3489.7603
-41.4606018303,3492.486
-42.3647976039,3484.582
-43.2691162252,3470.3918
-44.173557717,3464.7578
-45.0781221022,3467.7449
-45.9828094037,3470.9436
-46.8876196444,3478.342
-47.7925528473,3494.8438
-48.6976090351,3506.5447
-49.6027882309,3495.803
-50.5080904576,3468.0776
-51.4135157380,3444.3398
-52.3190640952,3435.8687
-53.2247355520,3439.8303
-54.1305301315,3447.996
-55.0364478565,3454.6704
-55.9424887501,3460.9194
-56.8486528351,3469.3696
-57.7549401346,3478.4077
-58.6613506715,3485.4587
-59.5678844688,3489.5496
-60.4745415495,3489.9448
-61.3813219366,3487.2756
-62.2882256531,3483.8342
-63.1952527220,3481.1904
-64.1024031663,3480.6475
-65.0096770091,3483.4705
-65.9170742732,3486.091
-66.8245949819,3482.4546
-67.732239158,3474.551
-68.6400068247,3468.795
-69.547898005,3467.6843
-70.4559127219,3473.0608
-71.3640509985,3486.2517
-72.2723128579,3504.302
-73.1806983231,3521.6182
-74.0892074172,3533.223
-74.9978401633,3535.7937
-75.9065965844,3529.614
-76.8154767038,3520.8738
-77.7244805444,3515.154
-78.6336081293,3511.4216
-79.5428594818,3505.3198
-80.4522346248,3492.847
-81.3617335815,3474.548
-82.2713563751,3457.101
-83.1811030287,3449.701
-84.0909735653,3459.3872
-85.0009680083,3484.1277
-85.9110863806,3510.371
-86.8213287055,3524.1406
-87.7316950062,3523.9766
-88.6421853057,3516.187
-89.5527996273,3500.7607
-90.4635379942,3477.3801
-91.3744004295,3457.0933
-92.2853869564,3449.2917
-93.1964975982,3451.6968
-94.107732378,3463.3179
-95.0190913190,3484.9004
-95.9305744446,3505.8467
-96.8421817778,3512.7686
-97.7539133419,3507.515
-98.6657691601,3501.4407
-99.5777492558,3497.9243
-100.4898536521,3493.829
-101.4020823722,3490.6055
-102.3144354395,3491.8423
-103.2269128772,3496.3342
-104.1395147086,3499.9836
-105.0522409569,3500.3792
-105.9650916454,3499.357
-106.8780667975,3500.7837
-107.7911664364,3503.5073
-108.7043905854,3499.551
-109.6177392677,3484.0063
-110.5312125069,3463.6802
-111.4448103260,3451.372
-112.3585327485,3455.473
-113.2723797977,3470.6284
-114.186351497,3479.9482
-115.1004478696,3474.5728
-116.0146689389,3461.7266
-116.9290147283,3451.9832
-117.8434852611,3448.2026
-118.7580805607,3447.248
-119.6728006504,3449.9492
-120.5876455537,3460.7812
-121.5026152939,3475.2078
-122.4177098944,3480.804
-123.3329293786,3471.464
-124.2482737699,3450.1814
-125.1637430917,3426.5747
-126.0793373674,3414.5898
-126.9950566205,3422.3528
-127.9109008743,3446.8123
-128.8268701523,3475.7546
-129.742964478,3491.2388
-130.6591838747,3483.766
-131.5755283659,3461.787
-132.4919979751,3438.8445
-133.4085927257,3422.3745
-134.3253126412,3418.4045
-135.2421577451,3430.477
-136.1591280608,3451.1765
-137.0762236118,3466.4224
-137.9934444217,3470.2915
-138.9107905139,3468.798
-139.8282619119,3469.44
-140.7458586392,3473.631
-141.6635807194,3478.6082
-142.5814281759,3483.1235
-143.4994010323,3489.4949
-144.4174993121,3497.7007
-145.3357230388,3497.776
-146.2540722361,3477.3862
-147.1725469274,3444.4827
-148.0911471363,3424.809
-149.0098728864,3427.9182
-149.9287242012,3439.9126
-150.8477011043,3450.4004
-151.7668036193,3462.455
-152.6860317698,3476.2664
-153.6053855793,3482.6204
-154.5248650715,3478.2532
-155.4444702699,3471.9067
-156.3642011983,3470.969
-157.2840578801,3474.154
-158.2040403391,3477.1152
-159.1241485987,3475.2188
-160.0443826828,3464.9946
-160.9647426149,3450.4639
-161.8852284186,3441.398
-162.8058401177,3441.2097
-163.7265777357,3442.3904
-164.6474412964,3438.9976
-165.5684308234,3433.5986
-166.4895463404,3429.102
-167.4107878710,3427.164
-168.3321554390,3428.7153
-169.2536490681,3430.6824
-170.1752687819,3430.321
-171.0970146041,3429.465
-172.0188865586,3432.3733
-172.9408846689,3442.9487
-173.8630089589,3459.778
-174.7852594521,3474.7908
-175.7076361725,3481.9355
-176.6301391437,3483.9563
-177.5527683895,3486.0298
-178.4755239337,3487.5361
-179.3984057999,3487.3381
-180.321414012,3489.4756
-181.2445485937,3496.4814
-182.1678095688,3502.096
-183.0911969612,3494.2427
-184.0147107945,3473.1218
-184.9383510927,3460.4001
-185.8621178794,3471.9983
-186.7860111785,3493.722
-187.7100310139,3501.579
-188.6341774093,3491.6638
-189.5584503886,3477.926
-190.4828499756,3469.9507
-191.4073761941,3464.0498
-192.3320290681,3454.5217
-193.2568086213,3445.0737
-194.1817148776,3447.1047
-195.1067478609,3463.617
-196.031907595,3478.472
-196.9571941038,3476.292
-197.8826074113,3463.2573
-198.8081475413,3454.073
-199.7338145176,3453.0227
-200.6596083642,3454.7253
-201.5855291051,3453.4072
-202.5115767641,3448.9434
-203.4377513651,3445.0054
-204.3640529320,3445.2563
-205.2904814889,3454.304
-206.2170370596,3474.8616
-207.1437196681,3499.6106
-208.0705293383,3511.1277
-208.9974660942,3498.3667
-209.9245299598,3471.8354
-210.851720959,3452.0618
-211.7790391157,3448.8171
-212.7064844541,3456.6467
-213.6340569980,3461.7664
-214.5617567715,3454.6719
-215.4895837986,3439.5605
-216.4175381032,3428.3508
-217.3456197094,3425.3428
-218.2738286412,3423.897
-219.2021649226,3421.1472
-220.1306285777,3423.2173
-221.0592196305,3428.7258
-221.987938105,3428.161
-222.9167840253,3427.323
-223.8457574154,3441.7698
-224.7748582994,3465.778
-225.7040867015,3479.5105
-226.6334426455,3480.9597
-227.5629261557,3481.44
-228.4925372561,3481.726
-229.4222759708,3477.136
-230.3521423239,3470.739
-231.2821363396,3465.5254
-232.2122580418,3460.2622
-233.1425074548,3456.928
-234.0728846027,3457.681
-235.0033895095,3458.1501
-235.9340221995,3454.0938
-236.8647826967,3449.465
-237.7956710254,3450.8374
-238.7266872096,3456.7559
-239.6578312736,3459.475
-240.5891032415,3456.962
-241.5205031375,3454.6465
-242.4520309857,3456.5505
-243.3836868104,3461.4863
-244.3154706357,3465.2893
-245.2473824858,3465.4773
-246.179422385,3465.5405
-247.1115903574,3468.8254
-248.0438864273,3470.1982
-248.9763106189,3462.3499
-249.9088629564,3447.023
-250.8415434640,3435.4539
-251.7743521661,3437.2764
-252.7072890868,3451.7004
-253.6403542504,3474.095
-254.5735476811,3499.4424
-255.5068694033,3518.2756
-256.4403194412,3525.9812
-257.3738978191,3527.8193
-258.3076045612,3525.3618
-259.2414396919,3514.5305
-260.1754032354,3496.9316
-261.1094952161,3479.302
-262.0437156583,3464.591
-262.9780645863,3451.5552
-263.9125420243,3442.696
-264.8471479969,3444.066
-265.7818825281,3455.991
-266.7167456425,3471.6
-267.6517373644,3482.8735
-268.5868577181,3485.2227
-269.522106728,3481.3845
-270.4574844184,3480.4675
-271.3929908138,3486.487
-272.3286259384,3491.8933
-273.2643898167,3489.8738
-274.2002824732,3482.4314
-275.1363039321,3474.362
-276.0724542178,3472.882
-277.0087333549,3485.2356
-277.9451413677,3506.223
-278.8816782806,3521.9639
-279.8183441181,3526.4192
-280.7551389046,3518.7012
-281.6920626645,3496.84
-282.6291154223,3468.7678
-283.5662972025,3451.2153
-284.5036080295,3448.6423
-285.4410479277,3450.4397
-286.3786169217,3451.2273
-287.316315036,3459.818
-288.2541422949,3482.0183
-289.1920987231,3505.9207
-290.130184345,3516.7112
-291.0683991851,3515.3306
-292.0067432679,3511.3188
-292.945216618,3510.5376
-293.8838192598,3514.3938
-294.8225512179,3519.8086
-295.7614125169,3522.083
-296.7004031813,3519.6858
-297.6395232356,3513.4531
-298.5787727044,3505.8188
-299.5181516122,3500.0786
-300.4576599837,3498.2764
-301.3972978433,3500.274
-302.3370652157,3504.9287
-303.2769621255,3513.23
-304.2169885973,3523.3613
-305.1571446556,3529.0872
-306.0974303251,3534.5005
-307.0378456304,3547.6375
-307.9783905960,3558.2412
-308.9190652467,3555.6174
-309.8598696071,3555.1917
-310.8008037017,3575.2922
-311.7418675553,3607.657
-312.6830611925,3630.428
-313.6243846379,3634.1885
-314.5658379163,3631.2039
-315.5074210522,3643.0544
-316.4491340704,3681.326
-317.3909769956,3741.2878
-318.3329498524,3801.8574
-319.2750526655,3836.2505
-320.2172854597,3837.471
-321.1596482596,3826.1606
-322.10214109,3826.8796
-323.0447639755,3842.5486
-323.987516941,3859.312
-324.9304000111,3870.2368
-325.8734132106,3878.9988
-326.8165565642,3886.3428
-327.7598300967,3893.0588
-328.7032338329,3907.4517
-329.6467677974,3936.8809
-330.5904320152,3985.7434
-331.5342265109,4055.9905
-332.4781513094,4133.816
-333.4222064354,4193.3716
-334.3663919138,4225.783
-335.3107077693,4255.5205
-336.2551540268,4321.6846
-337.1997307110,4441.886
-338.1444378468,4602.642
-339.0892754591,4781.9834
-340.0342435727,4966.3965
-340.9793422123,5150.1177
-341.9245714029,5326.8335
-342.8699311694,5487.5923
-343.8154215365,5621.1445
-344.7610425291,5706.169
-345.7067941722,5728.0024
-346.6526764906,5703.6323
-347.5986895092,5651.8335
-348.5448332529,5564.5215
-349.4911077466,5441.374
-350.4375130151,5312.4854
-351.3840490835,5211.835
-352.3307159766,5138.6045
-353.2775137194,5055.2544
-354.2244423368,4945.0996
-355.1715018537,4833.7876
-356.1186922951,4740.8887
-357.066013686,4660.9355
-358.0134660512,4586.66
-358.9610494158,4525.513
-359.9087638047,4493.426
-360.856609243,4487.177
-361.8045857555,4481.403
-362.7526933673,4471.9067
-363.7009321035,4482.341
-364.6493019889,4511.865
-365.5978030486,4523.5874
-366.5464353076,4496.1646
-367.4951987910,4453.8564
-368.4440935238,4436.328
-369.393119531,4450.1084
-370.3422768376,4459.205
-371.2915654687,4431.151
-372.2409854495,4378.56
-373.1905368048,4336.43
-374.1402195598,4318.2144
-375.0900337397,4313.753
-376.0399793693,4315.717
-376.990056474,4328.178
-377.9402650786,4348.309
-378.8906052084,4362.369
-379.8410768885,4361.957
-380.7916801439,4348.572
-381.7424149999,4334.2085
-382.6932814814,4330.1816
-383.6442796137,4331.1226
-384.5954094219,4333.9897
-385.5466709311,4344.6494
-386.4980641666,4356.4854
-387.4495891534,4359.9043
-388.4012459167,4358.8975
-389.3530344817,4357.0425
-390.3049548736,4355.667
-391.2570071176,4368.4634
-392.2091912388,4401.7036
-393.1615072625,4430.6387
-394.1139552139,4432.8633
-395.0665351182,4425.6455
-396.0192470005,4440.647
-396.9720908862,4486.2886
-397.9250668004,4543.904
-398.8781747685,4587.61
-399.8314148156,4613.8447
-400.784786967,4637.2856
-401.7382912479,4660.7764
-402.6919276837,4684.9814
-403.6456962996,4725.5806
-404.5995971208,4786.267
-405.5536301728,4852.7007
-406.5077954806,4928.9106
-407.4620930698,5044.9995
-408.4165229654,5231.104
-409.371085193,5502.6133
-410.3257797777,5867.91
-411.280606745,6336.9434
-412.2355661201,6898.575
-413.1906579283,7493.99
-414.1458821951,8035.7656
-415.1012389458,8439.503
-416.0567282057,8629.953
-417.0123500003,8564.559
-417.9681043548,8276.205
-418.9239912946,7855.7104
-419.8800108452,7385.196
-420.8361630319,6914.9043
-421.7924478801,6474.1147
-422.7488654153,6078.6553
-423.7054156627,5735.032
-424.662098648,5441.735
-425.6189143964,5199.896
-426.5758629334,5016.2437
-427.5329442845,4888.9854
-428.4901584751,4807.63
-429.4475055306,4760.896
-430.4049854765,4732.025
-431.3625983382,4698.98
-432.3203441413,4651.036
-433.2782229112,4595.865
-434.2362346734,4548.492
-435.1943794534,4523.621
-436.1526572766,4523.8076
-437.1110681687,4527.9404
-438.0696121550,4517.133
-439.0282892612,4506.135
-439.9870995126,4519.4414
-440.946042935,4550.2876
-441.9051195537,4568.8066
-442.8643293944,4556.3374
-443.8236724826,4514.3423
-444.7831488438,4455.4473
-445.7427585036,4401.999
-446.7025014876,4374.149
-447.6623778214,4368.48
-448.6223875305,4370.462
-449.5825306406,4380.905
-450.5428071772,4407.7285
-451.5032171659,4449.2993
-452.4637606323,4492.12
-453.4244376022,4514.266
-454.385248101,4508.029
-455.3461921544,4494.493
-456.3072697881,4499.8735
-457.2684810276,4527.7017
-458.2298258987,4558.8438
-459.1913044270,4580.905
-460.1529166382,4611.9067
-461.1146625579,4680.866
-462.0765422118,4793.0103
-463.0385556256,4929.182
-464.0007028250,5069.366
-464.9629838357,5201.9683
-465.9253986834,5318.3413
-466.8879473938,5420.581
-467.8506299925,5537.221
-468.8134465054,5701.349
-469.7763969582,5906.206
-470.7394813766,6106.0674
-471.7026997864,6261.2153
-472.6660522132,6377.1377
-473.6295386829,6492.973
-474.5931592212,6629.3765
-475.5569138539,6767.1265
-476.5208026068,6858.106
-477.4848255056,6845.4863
-478.4489825762,6709.861
-479.4132738443,6494.3228
-480.3776993358,6267.2583
-481.3422590764,6065.889
-482.3069530921,5877.8916
-483.2717814085,5679.3438
-484.2367440515,5478.5645
-485.2018410470,5302.465
-486.1670724209,5145.253
-487.1324381989,4980.1733
-488.0979384069,4818.422
-489.0635730709,4694.9644
-490.0293422165,4621.587
-490.9952458699,4586.0947
-491.9612840568,4561.9395
-492.9274568030,4516.958
-493.8937641347,4444.4575
-494.8602060775,4381.66
-495.8267826575,4363.8203
-496.7934939005,4372.4785
-497.7603398325,4366.315
-498.7273204795,4334.677
-499.6944358673,4290.556
-500.6616860219,4243.7124
-501.6290709692,4204.3184
-502.5965907353,4186.783
-503.5642453461,4188.987
-504.5320348275,4183.9126
-505.4999592056,4153.9746
-506.4680185063,4116.174
-507.4362127556,4091.589
-508.4045419795,4078.8923
-509.3730062041,4073.0117
-510.3416054553,4077.6343
-511.3103397592,4087.2478
-512.2792091418,4084.7014
-513.2482136291,4067.9387
-514.2173532472,4054.314
-515.1866280221,4051.84
-516.1560379798,4048.3381
-517.1255831465,4032.7334
-518.0952635482,4011.4333
-519.0650792111,3998.8352
-520.0350301610,3995.0046
-521.0051164242,3987.1443
-521.9753380268,3973.842
-522.9456949948,3965.3638
-523.9161873544,3964.4248
-524.8868151317,3964.0688
-525.8575783528,3960.2844
-526.8284770438,3953.0002
-527.7995112309,3946.2913
-528.7706809402,3952.3474
-529.7419861978,3973.904
-530.7134270300,3991.6758
-531.6850034629,3983.9058
-532.6567155227,3948.0544
-533.6285632355,3905.0237
-534.6005466275,3881.5608
-535.572665725,3879.143
-536.5449205540,3875.1404
-537.5173111409,3861.3538
-538.4898375119,3853.3213
-539.4624996931,3860.4236
-540.4352977107,3876.7773
-541.4082315911,3896.0886
-542.3813013605,3913.631
-543.3545070450,3921.1035
-544.3278486711,3911.6821
-545.3013262648,3887.056
-546.2749398525,3857.2292
-547.2486894605,3835.226
-548.2225751151,3828.11
-549.1965968425,3833.642
-550.170754669,3845.1306
-551.1450486209,3855.5881
-552.1194787246,3865.5645
-553.0940450063,3883.3752
-554.0687474925,3909.0205
-555.0435862093,3929.2732
-556.0185611832,3930.6682
-556.9936724405,3911.0164
-557.9689200075,3882.4465
-558.9443039106,3858.7087
-559.9198241762,3838.8677
-560.8954808307,3819.1963
-561.8712739003,3809.998
-562.8472034116,3817.8628
-563.8232693908,3833.5312
-564.7994718644,3848.3323
-565.7758108589,3853.356
-566.7522864005,3838.3916
-567.7288985158,3815.1667
-568.7056472312,3808.9832
-569.6825325730,3820.5886
-570.6595545678,3828.2173
-571.6367132419,3819.594
-572.6140086219,3799.2112
-573.5914407342,3778.5872
-574.5690096053,3769.1533
-575.5467152616,3773.0825
-576.5245577297,3781.0342
-577.5025370359,3782.413
-578.4806532069,3777.6047
-579.4589062691,3775.6086
-580.437296249,3777.8728
-581.4158231732,3775.9966
-582.3944870681,3767.6094
-583.3732879603,3757.941
-584.3522258764,3748.8955
-585.3313008429,3739.5054
-586.3105128863,3732.391
-587.2898620331,3737.3125
-588.2693483101,3759.811
-589.2489717437,3789.6724
-590.2287323605,3815.0488
-591.2086301871,3828.7397
-592.1886652501,3822.5322
-593.1688375762,3804.534
-594.1491471918,3798.0796
-595.1295941236,3806.357
-596.1101783983,3813.5303
-597.0909000425,3815.2053
-598.0717590828,3816.468
-599.0527555458,3818.6301
-600.0338894583,3820.3528
-601.0151608468,3821.7817
-601.9965697380,3827.478
-602.9781161587,3839.8152
-603.9598001354,3854.7163
-604.9416216949,3869.3142
-605.9235808638,3879.6826
-606.9056776689,3876.5356
-607.8879121368,3858.02
-608.8702842944,3837.7852
-609.8527941682,3837.8735
-610.8354417851,3867.7087
-611.8182271717,3907.3076
-612.8011503548,3931.6807
-613.7842113611,3941.2961
-614.7674102175,3951.907
-615.7507469506,3976.289
-616.7342215873,4016.322
-617.7178341543,4058.9478
-618.7015846784,4090.7524
-619.6854731864,4110.8037
-620.6694997051,4120.039
-621.6536642612,4118.796
-622.6379668817,4122.2705
-623.6224075933,4163.3
-624.6069864229,4262.1357
-625.5917033972,4398.434
-626.5765585432,4537.9424
-627.5615518876,4667.468
-628.5466834574,4781.252
-629.5319532794,4872.807
-630.5173613804,4946.814
-631.5029077874,5004.3545
-632.4885925272,5033.4116
-633.4744156267,5031.9946
-634.4603771128,5012.6025
-635.4464770124,4978.035
-636.4327153525,4917.589
-637.4190921598,4833.892
-638.4056074615,4749.316
-639.3922612844,4673.8823
-640.3790536554,4593.9473
-641.3659846014,4498.846
-642.3530541496,4400.514
-643.3402623267,4326.5747
-644.3276091598,4291.789
-645.3150946759,4280.0874
-646.3027189019,4267.7466
-647.2904818648,4256.424
-648.2783835916,4267.776
-649.2664241094,4310.36
-650.2546034451,4374.9604
-651.2429216257,4458.715
-652.2313786783,4565.1685
-653.21997463,4683.334
-654.2087095076,4793.829
-655.1975833384,4891.0176
-656.1865961493,4968.435
-657.1757479675,5002.148
-658.1650388199,4969.807
-659.1544687337,4869.6675
-660.1440377359,4729.6055
-661.1337458536,4591.2705
-662.123593114,4470.5776
-663.1135795441,4359.062
-664.1037051710,4256.816
-665.0939700219,4170.8276
-666.0843741239,4100.926
-667.0749175041,4049.157
-668.0656001897,4019.093
-669.0564222078,3999.531
-670.0473835855,3975.7437
-671.0384843500,3946.4785
-672.0297245286,3912.876
-673.0211041483,3874.9614
-674.0126232363,3840.902
-675.0042818199,3822.2202
-675.9960799263,3820.318
-676.9880175825,3825.0864
-677.980094816,3831.3708
-678.9723116538,3842.0903
-679.9646681232,3851.6597
-680.9571642514,3848.5022
-681.9498000657,3828.0117
-682.9425755934,3792.9675
-683.9354908616,3754.7
-684.9285458976,3726.4392
-685.9217407288,3706.096
-686.9150753823,3683.4421
-687.9085498855,3663.391
-688.9021642657,3659.6265
-689.8959185502,3667.2178
-690.8898127662,3667.2761
-691.8838469410,3659.3635
-692.8780211021,3659.8035
-693.8723352767,3671.7085
-694.8667894922,3683.729
-695.8613837759,3689.1868
-696.8561181551,3690.12
-697.8509926572,3692.299
-698.8460073096,3697.782
-699.8411621396,3696.3538
-700.8364571747,3678.6223
-701.8318924422,3654.5767
-702.8274679695,3642.0452
-703.8231837839,3643.759
-704.819039913,3642.8616
-705.8150363841,3625.0798
-706.8111732246,3600.7183
-707.8074504620,3586.8694
-708.8038681238,3583.651
-709.8004262372,3582.9097
-710.7971248299,3578.2878
-711.7939639292,3565.2039
-712.7909435627,3551.6672
-713.7880637578,3558.9678
-714.7853245419,3592.5908
-715.7827259426,3629.0037
-716.7802679873,3644.3804
-717.7779507037,3640.6494
-718.7757741191,3631.3843
-719.7737382611,3617.3953
-720.7718431571,3594.6404
-721.7700888349,3573.3425
-722.7684753218,3568.2024
-723.7670026454,3577.9924
-724.7656708334,3591.2126
-725.7644799131,3599.761
-726.7634299123,3599.576
-727.7625208585,3591.4783
-728.7617527792,3584.7002
-729.7611257021,3590.1084
-730.7606396547,3610.3916
-731.7602946647,3639.3257
-732.7600907596,3664.4658
-733.7600279671,3675.4644
-734.7601063149,3673.039
-735.7603258305,3663.2139
-736.7606865415,3651.4302
-737.7611884758,3643.488
-738.7618316608,3645.5457
-739.7626161242,3658.2898
-740.7635418938,3665.5808
-741.7646089972,3649.744
-742.7658174620,3620.8176
-743.7671673161,3600.4836
-744.7686585870,3591.136
-745.7702913025,3583.1572
-746.7720654903,3577.7654
-747.7739811782,3583.3303
-748.7760383938,3595.8616
-749.7782371648,3607.8806
-750.7805775191,3627.2654
-751.7830594844,3661.413
-752.7856830885,3692.2634
-753.788448359,3694.5173
-754.7913553238,3674.9138
-755.7944040107,3666.097
-756.7975944474,3687.0696
-757.8009266618,3726.2441
-758.8044006816,3755.361
-759.8080165347,3759.5957
-760.8117742489,3753.6877
-761.8156738519,3759.5283
-762.8197153717,3780.8635
-763.8238988361,3805.7388
-764.8282242729,3821.1296
-765.83269171,3826.8914
-766.8373011752,3840.2917
-767.8420526964,3880.9448
-768.8469463015,3946.193
-769.8519820184,4012.916
-770.8571598749,4065.6074
-771.8624798990,4106.352
-772.8679421186,4140.6343
-773.8735465616,4166.311
-774.8792932558,4172.3423
-775.8851822293,4143.345
-776.8912135100,4077.846
-777.8973871258,4001.5115
-778.9037031046,3943.1675
-779.9101614745,3907.6333
-780.9167622634,3884.639
-781.9235054992,3866.314
-782.93039121,3849.0928
-783.9374194237,3831.5842
-784.9445901684,3813.3315
-785.9519034719,3790.7104
-786.9593593625,3757.6643
-787.9669578679,3715.17
-788.9746990164,3675.146
-789.9825828359,3647.2935
-790.9906093545,3628.6055
-791.9987786002,3609.7463
-793.0070906010,3589.8608
-794.0155453851,3579.7512
-795.0241429805,3584.3
-796.0328834153,3593.5403
-797.0417667175,3595.1055
-798.0507929153,3587.3618
-799.0599620368,3580.2693
-800.06927411,3582.7102
-801.0787291631,3592.3354
-802.0883272242,3601.4255
-803.0980683215,3604.3823
-804.1079524830,3598.743
-805.1179797370,3586.8118
-806.1281501116,3572.2
-807.1384636349,3556.916
-808.1489203350,3547.5996
-809.1595202403,3551.97
-810.1702633789,3565.9114
-811.1811497789,3576.4517
-812.1921794685,3576.1282
-813.2033524760,3567.5674
-814.2146688296,3556.0754
-815.2261285575,3542.8508
-816.2377316879,3529.847
-817.2494782491,3524.5095
-818.2613682693,3531.8142
-819.2734017767,3549.2434
-820.2855787996,3568.6677
-821.2978993664,3576.3076
-822.3103635052,3566.7686
-823.3229712443,3556.466
-824.3357226120,3561.2334
-825.3486176367,3573.9312
-826.3616563466,3581.1821
-827.37483877,3584.3042
-828.3881649353,3590.9424
-829.4016348708,3598.8623
-830.4152486047,3600.6318
-831.4290061656,3592.8118
-832.4429075816,3575.3684
-833.4569528813,3555.7175
-834.4711420928,3547.6013
-835.4854752447,3551.1077
-836.4999523652,3547.7166
-837.5145734828,3531.3894
-838.5293386259,3520.818
-839.5442478228,3526.395
-840.5593011021,3536.4565
-841.574498492,3541.9053
-842.5898400210,3545.9297
-843.6053257176,3549.1687
-844.6209556102,3546.5928
-845.6367297272,3539.9714
-846.6526480972,3538.1926
-847.6687107484,3546.5312
-848.6849177096,3561.8289
-849.7012690090,3572.3762
-850.7177646752,3571.1194
-851.7344047368,3567.6804
-852.7511892221,3568.4102
-853.7681181597,3563.851
-854.7851915782,3551.1575
-855.802409506,3539.3433
-856.8197719716,3528.1545
-857.8372790037,3510.6365
-858.8549306308,3491.6777
-859.8727268813,3480.9019
-860.890667784,3477.1877
-861.9087533673,3476.6545
-862.9269836598,3481.4238
-863.9453586901,3492.436
-864.9638784869,3504.7869
-865.9825430787,3510.994
-867.0013524940,3510.618
-868.0203067616,3513.6267
-869.0394059101,3524.7397
-870.0586499681,3537.1143
-871.0780389642,3544.4946
-872.0975729270,3545.1555
-873.1172518853,3539.759
-874.1370758677,3532.6177
-875.1570449029,3530.4636
-876.1771590195,3533.6726
-877.1974182462,3530.4075
-878.2178226117,3510.0063
-879.2383721448,3479.4138
-880.2590668741,3456.8015
-881.2799068283,3450.7876
-882.3008920362,3454.3296
-883.3220225265,3461.7783
-884.3432983279,3477.4065
-885.3647194693,3502.1423
-886.3862859792,3525.8293
-887.4079978866,3538.4468
-888.4298552201,3543.7258
-889.4518580086,3549.788
-890.4740062808,3552.869
-891.4963000656,3549.311
-892.5187393917,3545.8118
-893.5413242879,3543.453
-894.5640547831,3533.6023
-895.5869309060,3513.2483
-896.6099526856,3489.514
-897.6331201506,3472.7107
-898.6564333299,3469.6729
-899.6798922524,3478.5874
-900.7034969469,3490.3936
-901.7272474423,3496.3586
-902.7511437674,3493.5159
-903.7751859512,3485.9749
-904.7993740226,3484.2244
-905.8237080103,3496.5066
-906.8481879435,3515.2932
-907.8728138509,3521.6492
-908.8975857615,3510.644
-909.9225037043,3500.2078
-910.9475677081,3507.0837
-911.9727778019,3525.871
-912.9981340148,3540.884
-914.0236363755,3545.5762
-915.0492849132,3540.107
-916.0750796567,3525.4473
-917.1010206352,3507.5315
-918.1271078775,3494.73
-919.1533414127,3491.359
-920.1797212698,3497.6033
-921.2062474777,3507.1516
-922.2329200657,3509.1301
-923.2597390625,3502.441
-924.2867044974,3498.353
-925.3138163994,3501.6467
-926.3410747974,3504.0461
-927.3684797206,3502.36
-928.3960311981,3505.073
-929.4237292589,3517.5789
-930.4515739322,3533.296
-931.479565247,3539.504
-932.5077032323,3528.5427
-933.5359879175,3506.6147
-934.5644193314,3490.4287
-935.5929975034,3488.3813
-936.6217224625,3492.932
-937.6505942378,3497.2236
-938.6796128585,3503.511
-939.7087783539,3510.2517
-940.7380907529,3507.6309
-941.7675500849,3494.17
-942.797156379,3480.6682
-943.8269096643,3474.164
-944.8568099702,3473.5552
-945.8868573257,3475.9907
-946.9170517601,3479.19
-947.9473933027,3482.429
-948.9778819826,3486.849
-950.0085178292,3490.194
-951.0393008715,3484.8833
-952.0702311390,3470.1047
-953.1013086608,3457.1917
-954.1325334663,3453.827
-955.1639055846,3455.2073
-956.1954250452,3453.945
-957.2270918772,3448.2344
-958.25890611,3440.943
-959.2908677729,3436.7766
-960.3229768952,3440.3464
-961.3552335062,3452.5696
-962.3876376353,3468.1538
-963.4201893118,3481.0679
-964.4528885651,3488.9495
-965.4857354245,3489.3953
-966.5187299193,3480.2146
-967.5518720790,3466.407
-968.5851619329,3458.9146
-969.6185995105,3462.8342
-970.652184841,3473.2083
-971.6859179539,3486.2214
-972.7197988787,3503.4585
-973.7538276448,3518.648
-974.7880042815,3519.1143
-975.8223288183,3505.4976
-976.8568012846,3490.4033
-977.89142171,3481.2615
-978.9261901238,3479.1013
-979.9611065555,3482.1953
-980.9961710347,3483.541
-982.0313835907,3476.561
-983.0667442532,3463.715
-984.1022530515,3453.528
-985.1379100151,3452.917
-986.1737151737,3465.2397
-987.2096685567,3488.413
-988.2457701937,3510.8508
-989.2820201141,3517.6467
-990.3184183476,3505.4048
-991.3549649237,3483.7888
-992.391659872,3464.7673
-993.4285032219,3459.5698
-994.4654950032,3473.8723
-995.5026352454,3495.9844
-996.5399239780,3504.635
-997.5773612308,3493.3613
-998.6149470333,3476.9138
-999.6526814150,3472.1853
-1000.6905644058,3475.7056
-1001.7285960351,3469.443
-1002.7667763326,3450.3079
-1003.805105328,3432.9844
-1004.8435830509,3426.465
-1005.8822095311,3429.4587
-1006.9209847981,3439.299
-1007.9599088817,3451.5156
-1008.9989818115,3463.0686
-1010.0382036173,3476.014
-1011.0775743288,3486.8706
-1012.1170939756,3485.2878
-1013.1567625875,3470.9436
-1014.1965801942,3453.7454
-1015.2365468255,3438.558
-1016.2766625111,3430.571
-1017.3169272808,3439.2734
-1018.3573411643,3463.0413
-1019.3979041914,3487.4521
-1020.4386163919,3498.0928
-1021.4794777956,3492.8955
-1022.5204884322,3483.9207
-1023.5616483316,3481.6135
-1024.6029575236,3485.0461
-1025.644416038,3489.1475
-1026.6860239046,3493.7642
-1027.7277811532,3503.7185
-1028.7696878138,3515.2769
-1029.8117439161,3512.4163
-1030.8539494901,3491.5898
-1031.8963045655,3471.5464
-1032.9388091723,3467.42
-1033.9814633404,3474.905
-1035.0242670995,3480.5518
-1036.0672204798,3475.5176
-1037.110323511,3465.248
-1038.1535762230,3463.9043
-1039.1969786458,3472.7073
-1040.2405308094,3480.0107
-1041.2842327436,3482.9907
-1042.3280844785,3486.372
-1043.3720860439,3488.3694
-1044.4162374698,3485.8352
-1045.4605387863,3481.4275
-1046.5049900232,3479.189
-1047.5495912107,3481.8726
-1048.5943423786,3490.971
-1049.639243557,3503.4832
-1050.6842947759,3513.5486
-1051.7294960653,3520.2922
-1052.7748474553,3526.8896
-1053.8203489758,3530.323
-1054.8660006570,3520.6833
-1055.9118025289,3495.674
-1056.9577546216,3467.44
-1058.0038569651,3453.06
-1059.0501095895,3462.1594
-1060.0965125248,3486.3162
-1061.1430658013,3503.9204
-1062.189769449,3504.669
-1063.2366234979,3498.4646
-1064.2836279783,3497.2385
-1065.3307829203,3501.2498
-1066.3780883539,3503.944
-1067.4255443094,3501.6594
-1068.4731508168,3492.765
-1069.5209079064,3476.1438
-1070.5688156084,3459.247
-1071.6168739528,3452.9104
-1072.6650829699,3455.3608
-1073.7134426899,3455.4668
-1074.7619531429,3450.2625
-1075.8106143592,3449.5444
-1076.8594263691,3460.4075
-1077.9083892027,3473.5486
-1078.9575028902,3475.5698
-1080.006767462,3470.629
-1081.0561829482,3472.7358
-1082.1057493791,3483.1438
-1083.1554667850,3491.794
-1084.2053351962,3490.6938
-1085.255354643,3479.0093
-1086.3055251555,3464.323
-1087.3558467643,3458.3267
-1088.4063194994,3466.1492
-1089.4569433914,3482.6497
-1090.5077184704,3499.356
-1091.5586447668,3507.269
-1092.6097223111,3496.5662
-1093.6609511334,3467.071
-1094.7123312642,3434.3755
-1095.7638627339,3417.1978
-1096.8155455727,3424.286
-1097.8673798112,3447.8696
-1098.9193654797,3469.5312
-1099.9715026085,3479.384
-1101.0237912282,3475.1711
-1102.0762313691,3455.4988
-1103.1288230616,3432.432
-1104.1815663362,3422.5674
-1105.2344612232,3427.2405
-1106.2875077533,3438.9749
-1107.3407059568,3450.9583
-1108.3940558641,3457.887
-1109.4475575059,3456.5872
-1110.5012109124,3448.3457
-1111.5550161143,3438.1233
-1112.6089731420,3430.5732
-1113.6630820261,3428.2
-1114.7173427970,3429.7798
-1115.7717554853,3434.773
-1116.8263201215,3444.7625
-1117.8810367362,3454.9058
-1118.9359053598,3458.6702
-1119.9909260231,3457.836
-1121.0460987564,3456.9336
-1122.1014235904,3457.274
-1123.1569005557,3460.7312
-1124.2125296829,3473.746
-1125.2683110026,3498.0127
-1126.3242445453,3520.8433
-1127.3803303417,3530.372
-1128.4365684224,3526.691
-1129.4929588181,3512.757
-1130.5495015593,3493.3584
-1131.6061966768,3474.363
-1132.6630442012,3457.6262
-1133.7200441632,3445.7466
-1134.7771965933,3440.0803
-1135.8345015224,3434.7395
-1136.8919589811,3427.6138
-1137.9495690001,3426.0295
-1139.0073316101,3434.163
-1140.0652468418,3447.098
-1141.123314726,3459.46
-1142.1815352933,3471.177
-1143.2399085746,3479.6528
-1144.2984346006,3479.4001
-1145.357113402,3472.8936
-1146.4159450095,3466.8267
-1147.4749294541,3462.972
-1148.5340667664,3462.3665
-1149.5933569772,3464.814
-1150.6528001174,3463.2588
-1151.7123962178,3452.7954
-1152.7721453091,3438.8093
-1153.8320474222,3428.3877
-1154.8921025879,3426.847
-1155.9523108371,3439.771
-1157.0126722006,3463.3025
-1158.0731867093,3482.674
-1159.1338543940,3489.696
-1160.1946752857,3488.9338
-1161.2556494151,3483.1067
-1162.3167768133,3466.7832
-1163.3780575110,3440.4333
-1164.4394915393,3417.8418
-1165.5010789289,3409.879
-1166.562819711,3412.5042
-1167.6247139162,3417.5288
-1168.6867615758,3422.4563
-1169.7489627205,3430.835
-1170.8113173813,3448.966
-1171.8738255892,3474.3916
-1172.9364873752,3492.1602
-1173.9993027703,3491.0007
-1175.0622718054,3475.938
-1176.1253945116,3462.4817
-1177.1886709199,3460.4126
-1178.2521010612,3465.781
-1179.3156849667,3473.0757
-1180.3794226673,3482.894
-1181.4433141942,3492.499
-1182.5073595782,3496.1116
-1183.5715588506,3496.8142
-1184.6359120424,3499.9922
-1185.7004191846,3500.1184
-1186.7650803084,3492.9573
-1187.8298954448,3483.8113
-1188.894864625,3473.626
-1189.95998788,3460.921
-1191.025265241,3453.5986
-1192.0906967391,3456.5308
-1193.1562824054,3461.1763
-1194.2220222712,3459.7278
-1195.2879163675,3453.4204
-1196.3539647255,3448.052
-1197.4201673764,3449.4988
-1198.4865243513,3458.648
-1199.5530356815,3468.8496
-1200.6197013982,3472.7654
-1201.6865215325,3474.2053
-1202.7534961157,3481.19
-1203.8206251789,3488.1294
-1204.8879087535,3485.9983
-1205.9553468707,3479.474
-1207.0229395617,3475.0981
-1208.0906868578,3469.506
-1209.1585887901,3458.7107
-1210.2266453902,3443.4333
-1211.2948566891,3425.2485
-1212.3632227181,3409.3418
-1213.4317435087,3404.9224
-1214.5004190921,3416.4893
-1215.5692494996,3438.99
-1216.6382347625,3459.287
-1217.7073749122,3465.2
-1218.7766699801,3455.9448
-1219.8461199973,3436.2988
-1220.9157249955,3411.3591
-1221.9854850058,3392.7375
-1223.0554000597,3390.825
-1224.1254701885,3403.122
-1225.1956954238,3421.3303
-1226.2660757967,3441.3726
-1227.3366113389,3462.636
-1228.4073020816,3484.0557
-1229.4781480564,3501.5742
-1230.5491492946,3508.902
-1231.6203058278,3503.133
-1232.6916176872,3489.5684
-1233.7630849046,3479.1147
-1234.8347075112,3478.3203
-1235.9064855386,3483.2507
-1236.9784190182,3484.2644
-1238.0505079816,3475.562
-1239.1227524603,3459.1255
-1240.1951524858,3439.7078
-1241.2677080896,3422.4893
-1242.3404193033,3412.2603
-1243.4132861583,3408.0374
-1244.4863086862,3404.5667
-1245.5594869187,3401.316
-1246.6328208872,3405.9177
-1247.7063106234,3425.5571
-1248.7799561587,3454.0833
-1249.8537575249,3472.8586
-1250.9277147535,3467.7666
-1252.0018278762,3444.838
-1253.0760969245,3424.8767
-1254.1505219300,3419.364
-1255.2251029245,3420.923
-1256.2998399395,3420.2314
-1257.3747330068,3420.1865
-1258.4497821579,3429.119
-1259.5249874246,3446.8293
-1260.6003488385,3463.3064
-1261.6758664313,3471.019
-1262.7515402347,3472.9136
-1263.8273702805,3476.3303
-1264.9033566003,3483.4375
-1265.9794992258,3487.7947
-1267.0557981888,3482.0789
-1268.1322535211,3470.9805
-1269.2088652543,3465.4482
-1270.2856334203,3467.2954
-1271.3625580508,3470.116
-1272.4396391776,3469.0042
-1273.5168768325,3465.782
-1274.5942710472,3468.3853
-1275.6718218535,3481.2122
-1276.7495292834,3496.1633
-1277.8273933686,3501.647
-1278.9054141408,3498.717
-1279.9835916321,3494.1555
-1281.0619258741,3482.149
-1282.1404168988,3456.9329
-1283.2190647381,3431.358
-1284.2978694237,3419.0955
-1285.3768309876,3416.769
-1286.4559494617,3415.9502
-1287.5352248779,3413.571
-1288.614657268,3410.5137
-1289.6942466640,3410.7769
-1290.7739930979,3415.673
-1291.8538966015,3421.7422
-1292.9339572067,3428.1965
-1294.0141749457,3435.2249
-1295.0945498502,3437.3364
-1296.1750819523,3432.1821
-1297.255771284,3430.6064
-1298.3366178772,3443.5833
-1299.4176217639,3464.5361
-1300.4987829762,3476.5212
-1301.5801015461,3473.1816
-1302.6615775055,3463.2415
-1303.7432108865,3456.129
-1304.8250017211,3452.9924
-1305.9069500415,3452.0476
-1306.9890558796,3453.474
-1308.0713192675,3455.8435
-1309.1537402373,3456.4023
-1310.2363188211,3458.2837
-1311.3190550509,3467.2979
-1312.4019489589,3481.4917
-1313.4850005772,3492.7837
-1314.5682099379,3493.0603
-1315.6515770731,3479.9434
-1316.735102015,3461.911
-1317.8187847956,3449.7136
-1318.9026254473,3446.7004
-1319.9866240020,3449.5825
-1321.0707804921,3453.784
-1322.1550949496,3457.0327
-1323.2395674069,3458.543
-1324.3241978959,3459.4863
-1325.4089864491,3461.3984
-1326.4939330985,3462.241
-1327.5790378765,3458.6274
-1328.6643008152,3452.6123
-1329.7497219469,3451.135
-1330.8353013038,3455.9617
-1331.9210389183,3462.526
-1333.0069348225,3467.978
-1334.0929890488,3467.805
-1335.1792016295,3452.7502
-1336.2655725968,3422.448
-1337.352101983,3394.437
-1338.4387898205,3390.9905
-1339.5256361416,3415.8962
-1340.6126409785,3449.3682
-1341.6998043638,3467.8162
-1342.7871263296,3464.6665
-1343.8746069085,3452.9675
-1344.9622461326,3446.1365
-1346.0500440345,3441.7854
-1347.1380006465,3433.3328
-1348.226116001,3425.3406
-1349.3143901303,3427.053
-1350.402823067,3439.4663
-1351.4914148434,3456.525
-1352.580165492,3471.0437
-1353.6690750451,3474.172
-1354.7581435354,3461.702
-1355.8473709951,3444.152
-1356.9367574568,3437.764
-1358.026302953,3446.6282
-1359.1160075161,3461.171
-1360.2058711786,3466.904
-1361.2958939731,3455.9185
-1362.386075932,3436.5752
-1363.4764170878,3424.5022
-1364.5669174732,3424.484
-1365.6575771206,3430.873
-1366.7483960625,3439.297
-1367.8393743316,3448.3647
-1368.9305119605,3455.2542
-1370.0218089815,3454.6528
-1371.1132654275,3441.9106
-1372.2048813309,3418.6707
-1373.2966567243,3392.55
-1374.3885916404,3374.1692
-1375.4806861118,3375.8557
-1376.5729401711,3399.4038
-1377.665353851,3430.914
-1378.7579271840,3457.6016
-1379.8506602029,3473.7878
-1380.9435529403,3471.8928
-1382.0366054289,3448.6313
-1383.1298177014,3417.5686
-1384.2231897905,3400.1152
-1385.3167217288,3403.7097
-1386.4104135491,3419.7793
-1387.5042652840,3438.6064
-1388.5982769664,3451.9414
-1389.6924486290,3453.2126
-1390.7867803045,3446.5662
-1391.8812720256,3443.919
-1392.9759238252,3453.2422
-1394.0707357359,3472.2566
-1395.1657077907,3488.8518
-1396.2608400222,3492.1619
-1397.3561324633,3485.0354
-1398.4515851467,3478.043
-1399.5471981054,3473.8054
-1400.6429713721,3466.0107
-1401.7389049797,3451.884
-1402.8349989609,3440.507
-1403.9312533488,3441.961
-1405.0276681761,3451.4922
-1406.1242434757,3456.6162
-1407.2209792804,3454.046
-1408.3178756233,3448.7622
-1409.4149325371,3441.591
-1410.5121500549,3431.0276
-1411.6095282094,3424.3406
-1412.7070670337,3428.7615
-1413.8047665607,3438.3474
-1414.9026268232,3442.947
-1416.0006478544,3441.953
-1417.0988296871,3440.6409
-1418.1971723543,3441.5059
-1419.2956758890,3446.0596
-1420.3943403242,3453.8877
-1421.4931656929,3458.3223
-1422.5921520281,3454.8535
-1423.6912993629,3447.1416
-1424.7906077301,3438.0527
-1425.8900771630,3429.4158
-1426.9897076945,3426.7927
-1428.0894993577,3429.5906
-1429.1894521857,3432.6506
-1430.2895662115,3439.4673
-1431.3898414682,3454.9673
-1432.4902779889,3471.4927
-1433.5908758068,3476.5605
-1434.6916349548,3470.1748
-1435.7925554662,3460.1865
-1436.8936373741,3448.602
-1437.9948807116,3437.4124
-1439.0962855119,3433.6914
-1440.1978518080,3439.4211
-1441.2995796333,3448.9387
-1442.4014690208,3456.637
-1443.5035200038,3460.7017
-1444.6057326154,3463.8787
-1445.7081068889,3468.1213
-1446.8106428574,3466.0378
-1447.9133405542,3450.419
-1449.0162000125,3431.6487
-1450.1192212655,3426.8032
-1451.2224043466,3434.6057
-1452.3257492889,3439.546
-1453.4292561258,3434.3652
-1454.5329248904,3425.9746
-1455.6367556161,3426.484
-1456.7407483363,3441.7537
-1457.8449030841,3461.1826
-1458.9492198929,3463.984
-1460.0536987961,3444.3918
-1461.1583398269,3420.7456
-1462.2631430188,3413.0972
-1463.368108405,3421.5378
-1464.4732360189,3430.8962
-1465.5785258939,3431.367
-1466.6839780633,3427.791
-1467.7895925607,3428.8547
-1468.8953694193,3433.9275
-1470.0013086725,3437.092
-1471.1074103538,3438.8826
-1472.2136744967,3444.4158
-1473.3201011344,3451.902
-1474.4266903006,3451.5974
-1475.5334420286,3439.8875
-1476.6403563519,3427.0342
-1477.7474333039,3423.6658
-1478.8546729183,3427.2168
-1479.9620752283,3430.3435
-1481.0696402677,3432.638
-1482.1773680697,3436.104
-1483.2852586681,3437.0796
-1484.3933120963,3430.5835
-1485.5015283877,3421.9072
-1486.6099075761,3422.0627
-1487.718449695,3429.7502
-1488.8271547778,3435.4812
-1489.9360228582,3437.5068
-1491.0450539699,3438.1084
-1492.1542481462,3435.277
-1493.263605421,3426.097
-1494.3731258277,3415.2942
-1495.4828094,3413.782
-1496.5926561715,3421.7952
-1497.702666176,3427.6624
-1498.8128394469,3429.3423
-1499.9231760181,3434.4558
-1501.0336759231,3440.4097
-1502.1443391956,3437.8345
-1503.2551658693,3428.2007
-1504.366155978,3421.8838
-1505.4773095552,3423.7356
-1506.5886266349,3429.453
-1507.7001072505,3434.8154
-1508.8117514360,3440.904
-1509.9235592250,3447.0999
-1511.0355306514,3449.7615
-1512.1476657487,3450.3484
-1513.2599645509,3454.091
-1514.3724270917,3459.9749
-1515.485053405,3460.9114
-1516.5978435244,3457.0215
-1517.7107974838,3456.8193
-1518.8239153171,3462.3843
-1519.9371970580,3466.6208
-1521.0506427405,3463.7778
-1522.1642523982,3453.8555
-1523.2780260652,3439.6406
-1524.3919637753,3428.014
-1525.5060655623,3429.2327
-1526.6203314601,3442.4622
-1527.7347615027,3453.456
-1528.8493557239,3455.755
-1529.9641141577,3455.4387
-1531.0790368379,3455.1375
-1532.1941237985,3452.2102
-1533.3093750735,3447.0403
-1534.4247906968,3443.7783
-1535.5403707023,3445.0657
-1536.6561151241,3448.7183
-1537.7720239961,3450.8396
-1538.8880973522,3448.8298
-1540.0043352266,3443.5952
-1541.1207376532,3440.9795
-1542.2373046660,3444.594
-1543.3540362991,3450.9329
-1544.4709325865,3453.4956
-1545.5879935622,3445.752
-1546.7052192603,3427.028
-1547.8226097148,3406.677
-1548.9401649599,3396.8147
-1550.0578850297,3403.9502
-1551.1757699581,3424.8289
-1552.2938197794,3445.5452
-1553.4120345276,3450.8066
-1554.5304142368,3439.6418
-1555.6489589413,3425.9133
-1556.7676686751,3421.0305
-1557.8865434724,3424.7202
-1559.0055833673,3432.1912
-1560.1247883940,3442.0874
-1561.2441585868,3453.2737
-1562.3636939797,3459.5042
-1563.4833946070,3457.845
-1564.6032605029,3452.4702
-1565.7232917016,3446.341
-1566.8434882374,3442.0723
-1567.9638501445,3444.8687
-1569.0843774571,3457.3735
-1570.2050702094,3473.9114
-1571.3259284359,3481.8518
-1572.4469521706,3474.3867
-1573.5681414480,3457.5278
-1574.6894963023,3439.7983
-1575.8110167678,3421.4973
-1576.9327028789,3399.4314
-1578.0545546697,3378.5847
-1579.1765721748,3368.9775
-1580.2987554285,3373.323
-1581.421104465,3387.0234
-1582.5436193187,3404.9556
-1583.6663000241,3421.1646
-1584.7891466155,3430.0854
-1585.9121591273,3434.292
-1587.0353375939,3442.7002
-1588.1586820497,3457.9795
-1589.2821925291,3473.4658
-1590.4058690666,3482.023
-1591.5297116966,3481.8848
-1592.6537204535,3474.5728
-1593.7778953718,3460.993
-1594.9022364861,3443.4785
-1596.0267438306,3430.4502
-1597.1514174401,3429.2598
-1598.2762573488,3435.3982
-1599.4012635915,3438.2185
-1600.5264362025,3433.3154
-1601.6517752163,3424.209
-1602.7772806677,3417.7756
-1603.902952591,3420.4414
-1605.0287910208,3432.023
-1606.1547959917,3445.8098
-1607.2809675383,3458.0767
-1608.4073056952,3466.3606
-1609.5338104969,3465.098
-1610.6604819781,3458.913
-1611.7873201734,3458.8818
-1612.9143251174,3461.0305
-1614.0414968447,3455.985
-1615.1688353899,3446.9375
-1616.2963407878,3440.7046
-1617.4240130731,3438.9578
-1618.5518522802,3441.337
-1619.6798584440,3442.923
-1620.8080315992,3436.1768
-1621.9363717804,3424.9358
-1623.0648790224,3422.6628
-1624.1935533598,3432.9932
-1625.3223948274,3443.7468
-1626.4514034600,3441.429
-1627.5805792923,3425.5972
-1628.7099223590,3406.9653
-1629.8394326950,3398.5667
-1630.9691103350,3406.4224
-1632.0989553138,3419.3074
-1633.2289676662,3419.2434
-1634.359147427,3404.7783
-1635.489494631,3388.2908
-1636.6200093131,3377.2048
-1637.7506915081,3373.264
-1638.8815412508,3380.57
-1640.0125585761,3398.6528
-1641.1437435189,3419.0952
-1642.2750961140,3437.681
-1643.4066163964,3452.973
-1644.5383044009,3457.1812
-1645.6701601625,3449.9597
-1646.802183716,3445.2563
-1647.9343750964,3450.022
-1649.0667343386,3455.2192
-1650.1992614776,3449.6982
-1651.3319565483,3433.139
-1652.4648195857,3414.9878
-1653.5978506248,3403.4548
-1654.7310497005,3400.912
-1655.8644168479,3405.7834
-1656.997952102,3412.5361
-1658.1316554977,3415.5896
-1659.2655270701,3415.1665
-1660.3995668542,3415.5916
-1661.5337748852,3419.526
-1662.6681511979,3425.4065
-1663.8026958276,3432.6477
-1664.9374088092,3444.0127
-1666.0722901779,3456.6472
-1667.2073399687,3459.9834
-1668.3425582168,3448.5793
-1669.4779449573,3430.8018
-1670.6135002253,3418.0496
-1671.7492240559,3410.8525
-1672.8851164842,3402.5393
-1674.0211775455,3392.2385
-1675.1574072749,3386.8862
-1676.2938057076,3388.6667
-1677.4303728787,3391.0217
-1678.5671088234,3390.5974
-1679.7040135770,3393.5234
-1680.8410871747,3408.055
-1681.9783296516,3432.3184
-1683.1157410431,3453.7986
-1684.2533213843,3466.135
-1685.3910707105,3472.7703
-1686.5289890570,3468.8423
-1687.6670764591,3445.265
-1688.805332952,3412.6333
-1689.9437585710,3392.3274
-1691.0823533515,3388.7913
-1692.2211173286,3392.5503
-1693.3600505379,3400.4114
-1694.4991530145,3413.736
-1695.6384247939,3424.5168
-1696.7778659114,3421.2915
-1697.9174764024,3407.6199
-1699.0572563021,3399.117
-1700.1972056461,3403.2092
-1701.3373244697,3414.087
-1702.4776128083,3422.4038
-1703.6180706973,3420.9224
-1704.7586981722,3408.0388
-1705.8994952683,3394.5264
-1707.0404620211,3394.2107
-1708.1815984661,3404.9119
-1709.3229046388,3414.7935
-1710.4643805746,3419.8652
-1711.6060263089,3422.822
-1712.7478418773,3426.305
-1713.8898273153,3430.4766
-1715.0319826585,3431.6255
-1716.1743079422,3426.3672
-1717.3168032021,3417.2085
-1718.4594684737,3411.1064
-1719.6023037925,3411.884
-1720.7453091941,3416.694
-1721.8884847142,3421.914
-1723.0318303882,3427.84
-1724.1753462517,3434.3628
-1725.3190323405,3437.3835
-1726.46288869,3435.8994
-1727.6069153359,3439.3528
-1728.7511123138,3454.431
-1729.8954796594,3467.81
-1731.0400174084,3464.415
-1732.1847255963,3451.9077
-1733.329604259,3445.108
-1734.4746534319,3444.5889
-1735.619873151,3440.8503
-1736.7652634518,3429.0076
-1737.9108243700,3416.4404
-1739.0565559414,3413.0142
-1740.2024582018,3417.1746
-1741.3485311868,3421.1814
-1742.4947749323,3423.1714
-1743.641189474,3424.377
-1744.7877748476,3424.1765
-1745.9345310889,3427.1206
-1747.0814582338,3440.0754
-1748.2285563181,3455.604
-1749.3758253775,3457.0596
-1750.5232654479,3440.1848
-1751.6708765652,3416.014
-1752.8186587651,3396.5967
-1753.9666120836,3385.519
-1755.1147365564,3381.3994
-1756.2630322195,3382.7356
-1757.4114991088,3388.0005
-1758.5601372601,3394.8843
-1759.7089467094,3400.6516
-1760.8579274926,3404.925
-1762.0070796455,3409.7573
-1763.1564032042,3417.0137
-1764.3058982046,3429.408
-1765.4555646827,3448.7615
-1766.6054026744,3469.728
-1767.7554122156,3483.2236
-1768.9055933425,3484.154
-1770.0559460909,3472.8142
-1771.2064704969,3454.1118
-1772.3571665965,3433.2039
-1773.5080344258,3413.146
-1774.6590740208,3398.322
-1775.8102854174,3394.1648
-1776.9616686519,3399.8323
-1778.1132237602,3403.6174
-1779.2649507784,3396.5833
-1780.4168497427,3387.2598
-1781.5689206891,3389.105
-1782.7211636538,3404.3503
-1783.8735786728,3425.871
-1785.0261657823,3442.8638
-1786.1789250184,3448.4888
-1787.3318564173,3444.4963
-1788.4849600152,3434.3384
-1789.6382358482,3420.0002
-1790.7916839525,3406.7454
-1791.9453043642,3399.8108
-1793.0990971197,3398.8564
-1794.2530622551,3400.9844
-1795.4071998067,3403.9307
-1796.5615098106,3402.647
-1797.7159923031,3391.8464
-1798.8706473205,3379.1584
-1800.0254748990,3380.9673
-1801.1804750749,3398.5906
-1802.3356478846,3417.1755
-1803.4909933642,3426.983
-1804.6465115501,3429.05
-1805.8022024787,3429.233
-1806.9580661862,3433.3252
-1808.1141027089,3440.833
-1809.2703120833,3445.311
-1810.4266943457,3440.4539
-1811.5832495324,3427.493
-1812.7399776799,3416.6973
-1813.8968788245,3414.294
-1815.0539530026,3416.6145
-1816.2112002506,3418.049
-1817.368620605,3414.5725
-1818.5262141021,3407.3125
-1819.6839807785,3402.3823
-1820.8419206706,3400.915
-1822.0000338147,3398.9236
-1823.1583202475,3396.2385
-1824.3167800054,3396.5972
-1825.4754131248,3402.411
-1826.6342196424,3413.2131
-1827.7931995945,3426.3135
-1828.9523530177,3437.6592
-1830.1116799486,3445.7017
-1831.2711804237,3452.9417
-1832.4308544796,3457.8682
-1833.5907021527,3454.288
-1834.7507234798,3445.138
-1835.9109184973,3439.8591
-1837.0712872419,3438.2742
-1838.2318297502,3434.9663
-1839.3925460588,3430.5508
-1840.5534362043,3429.1262
-1841.7145002234,3434.8293
-1842.8757381527,3447.6785
-1844.0371500289,3457.3093
-1845.1987358886,3451.763
-1846.3604957685,3431.869
-1847.5224297054,3409.7112
-1848.6845377358,3396.1306
-1849.8468198966,3392.6042
-1851.0092762244,3394.9006
-1852.1719067560,3398.9243
-1853.3347115282,3402.072
-1854.4976905776,3405.4492
-1855.6608439410,3411.6663
-1856.8241716553,3417.1116
-1857.9876737571,3415.9795
-1859.1513502833,3412.7288
-1860.3152012708,3417.3972
-1861.4792267562,3428.9739
-1862.6434267765,3434.3557
-1863.8078013685,3427.412
-1864.9723505689,3421.3777
-1866.1370744148,3430.9788
-1867.3019729429,3447.9387
-1868.4670461902,3452.8833
-1869.6322941934,3444.4375
-1870.7977169896,3436.6235
-1871.9633146156,3436.7476
-1873.1290871084,3442.0635
-1874.2950345048,3447.193
-1875.4611568419,3444.812
-1876.6274541565,3432.7715
-1877.7939264857,3421.035
-1878.9605738664,3418.566
-1880.1273963356,3421.5337
-1881.2943939303,3422.1086
-1882.4615666874,3417.4436
-1883.6289146441,3407.5215
-1884.7964378374,3395.692
-1885.9641363042,3390.5461
-1887.1320100816,3396.6548
-1888.3000592068,3407.9822
-1889.4682837166,3414.6624
-1890.6366836484,3412.605
-1891.805259039,3407.3796
