Raman Shift / Pixel,Intensity
1992.3756013745706,3284.2
1991.4813573883164,3283.4
1990.587113402062,3285.5
1989.6928694158078,3260.7
1988.7986254295533,3297.4
1987.9043814432991,3279.7
1987.0101374570447,3292.6
1986.1158934707905,3288.9
1985.221649484536,3286.9
1984.327405498282,3281.5
1983.4331615120277,3275.1
1982.5389175257733,3295.2
1981.644673539519,3294.7
1980.7504295532647,3261.8
1979.8561855670105,3288.5
1978.961941580756,3279.4
1978.0676975945019,3297.9
1977.1734536082477,3297.6
1976.2792096219932,3284.3
1975.384965635739,3287.9
1974.4907216494846,3298.4
1973.5964776632304,3313.4
1972.702233676976,3348.5
1971.8079896907218,3280.2
1970.9137457044674,3284.6
1970.0195017182132,3279.8
1969.125257731959,3285.8
1968.2310137457046,3298.7
1967.3367697594504,3285.2
1966.442525773196,3295.3
1965.5482817869417,3290.2
1964.6540378006873,3278.7
1963.7597938144331,3293.3
1962.865549828179,3292.9
1961.9713058419245,3295.7
1961.0770618556703,3310.7
1960.1828178694159,3300.9
1959.2885738831617,3298.3
1958.3943298969073,3280.4
1957.500085910653,3297.1
1956.6058419243986,3292.6
1955.7115979381445,3294.2
1954.8173539518903,3295.1
1953.9231099656358,3299.9
1953.0288659793816,3269.6
1952.1346219931272,3261.8
1951.240378006873,3277.9
1950.3461340206186,3282.5
1949.4518900343644,3287.5
1948.5576460481102,3293.8
1947.6634020618558,3278.7
1946.7691580756016,3276.9
1945.8749140893472,3288.4
1944.980670103093,3310.4
1944.0864261168385,3275.7
1943.1921821305843,3296.7
1942.29793814433,3299.6
1941.4036941580757,3269.4
1940.5094501718215,3306.3
1939.615206185567,3321.0
1938.720962199313,3290.4
1937.8267182130585,3274.7
1936.9324742268043,3281.3
1936.0382302405499,3301.2
1935.1439862542957,3295.7
1934.2497422680415,3274.6
1933.355498281787,3279.3
1932.4612542955329,3315.3
1931.5670103092784,3278.4
1930.6727663230242,3312.7
1929.7785223367698,3310.2
1928.8842783505156,3295.1
1927.9900343642612,3287.7
1927.095790378007,3291.9
1926.2015463917528,3289.7
1925.3073024054984,3295.9
1924.4130584192442,3304.7
1923.5188144329898,3257.9
1922.6245704467356,3272.5
1921.7303264604811,3289.1
1920.836082474227,3270.8
1919.9418384879727,3291.5
1919.0475945017183,3287.8
1918.1533505154641,3280.0
1917.2591065292097,3294.3
1916.3648625429555,3273.5
1915.470618556701,3307.3
1914.576374570447,3288.5
1913.6821305841925,3283.0
1912.7878865979383,3297.4
1911.893642611684,3278.0
1910.9993986254296,3278.6
1910.1051546391755,3306.0
1909.210910652921,3283.0
1908.3166666666668,3304.9
1907.4224226804124,3295.2
1906.5281786941582,3302.4
1905.6339347079038,3274.9
1904.7396907216496,3288.9
1903.8454467353954,3304.2
1902.951202749141,3296.0
1902.0569587628868,3321.6
1901.1627147766324,3318.6
1900.2684707903782,3316.1
1899.3742268041237,3297.2
1898.4799828178695,3292.5
1897.5857388316153,3288.9
1896.691494845361,3287.2
1895.7972508591067,3274.8
1894.9030068728523,3286.1
1894.008762886598,3288.1
1893.1145189003437,3331.9
1892.2202749140895,3290.8
1891.3260309278353,3290.4
1890.4317869415809,3278.8
1889.5375429553267,3287.8
1888.6432989690722,3284.8
1887.749054982818,3281.3
1886.8548109965636,3307.0
1885.9605670103094,3315.9
1885.066323024055,3289.6
1884.1720790378008,3285.6
1883.2778350515466,3308.7
1882.3835910652922,3279.6
1881.489347079038,3255.2
1880.5951030927836,3268.0
1879.7008591065294,3298.2
1878.806615120275,3297.8
1877.9123711340208,3310.7
1877.0181271477663,3311.0
1876.1238831615121,3285.4
1875.229639175258,3302.4
1874.3353951890035,3283.7
1873.4411512027493,3328.2
1872.546907216495,3329.8
1871.6526632302407,3299.8
1870.7584192439863,3297.7
1869.864175257732,3279.3
1868.969931271478,3283.4
1868.0756872852235,3288.7
1867.1814432989693,3314.0
1866.2871993127148,3279.0
1865.3929553264607,3304.7
1864.4987113402062,3317.8
1863.604467353952,3298.0
1862.7102233676978,3298.4
1861.8159793814434,3283.9
1860.9217353951892,3282.3
1860.0274914089348,3292.7
1859.1332474226806,3283.9
1858.2390034364262,3288.9
1857.344759450172,3321.8
1856.4505154639176,3286.7
1855.5562714776634,3274.9
1854.662027491409,3315.0
1853.7677835051547,3298.2
1852.8735395189005,3271.2
1851.9792955326461,3299.8
1851.085051546392,3275.1
1850.1908075601375,3313.3
1849.2965635738833,3316.8
1848.4023195876289,3287.5
1847.5080756013747,3318.7
1846.6138316151205,3273.3
1845.719587628866,3275.1
1844.8253436426119,3275.2
1843.9310996563574,3282.1
1843.0368556701033,3279.7
1842.1426116838488,3295.4
1841.2483676975946,3315.2
1840.3541237113404,3328.7
1839.459879725086,3299.5
1838.5656357388318,3281.1
1837.6713917525774,3297.0
1836.7771477663232,3300.6
1835.8829037800688,3284.5
1834.9886597938146,3319.2
1834.0944158075604,3292.3
1833.200171821306,3294.3
1832.3059278350518,3273.4
1831.4116838487973,3318.9
1830.5174398625431,3307.4
1829.6231958762887,3308.3
1828.7289518900345,3280.8
1827.83470790378,3274.1
1826.940463917526,3289.7
1826.0462199312715,3317.2
1825.1519759450173,3270.5
1824.257731958763,3287.0
1823.3634879725087,3291.9
1822.4692439862545,3290.3
1821.575,3264.9
1820.6807560137458,3273.0
1819.7865120274914,3330.0
1818.8922680412372,3304.6
1817.998024054983,3288.8
1817.1037800687286,3283.3
1816.2095360824744,3316.9
1815.31529209622,3291.0
1814.4210481099658,3257.8
1813.5268041237114,3287.5
1812.6325601374572,3288.2
1811.738316151203,3307.0
1810.8440721649486,3277.5
1809.9498281786944,3285.1
1809.05558419244,3292.2
1808.1613402061857,3311.1
1807.2670962199313,3280.9
1806.3728522336771,3308.2
1805.478608247423,3307.4
1804.5843642611685,3309.2
1803.6901202749143,3298.8
1802.7958762886599,3311.8
1801.9016323024057,3283.0
1801.0073883161513,3313.9
1800.113144329897,3298.4
1799.2189003436426,3298.1
1798.3246563573884,3297.2
1797.430412371134,3293.3
1796.5361683848798,3289.3
1795.6419243986256,3283.3
1794.7476804123712,3280.7
1793.853436426117,3284.3
1792.9591924398626,3299.5
1792.0649484536084,3291.7
1791.170704467354,3302.8
1790.2764604810998,3291.9
1789.3822164948456,3319.9
1788.4879725085912,3296.5
1787.593728522337,3259.4
1786.6994845360825,3287.4
1785.8052405498283,3296.6
1784.910996563574,3314.2
1784.0167525773197,3282.6
1783.1225085910655,3282.5
1782.228264604811,3298.9
1781.334020618557,3298.4
1780.4397766323025,3275.5
1779.5455326460483,3286.9
1778.6512886597939,3293.6
1777.7570446735397,3282.2
1776.8628006872855,3298.0
1775.968556701031,3298.5
1775.0743127147769,3306.3
1774.1800687285224,3300.4
1773.2858247422682,3310.6
1772.3915807560138,3299.7
1771.4973367697596,3286.2
1770.6030927835052,3316.7
1769.708848797251,3282.2
1768.8146048109966,3284.6
1767.9203608247424,3277.9
1767.0261168384882,3293.3
1766.1318728522338,3310.7
1765.2376288659796,3292.4
1764.3433848797251,3312.5
1763.449140893471,3308.8
1762.5548969072165,3294.2
1761.6606529209623,3334.8
1760.7664089347081,3307.6
1759.8721649484537,3295.1
1758.9779209621995,3274.7
1758.083676975945,3321.1
1757.1894329896909,3297.9
1756.2951890034365,3289.5
1755.4009450171823,3310.2
1754.506701030928,3291.5
1753.6124570446736,3303.1
1752.7182130584195,3287.2
1751.823969072165,3297.0
1750.9297250859108,3281.3
1750.0354810996564,3273.7
1749.1412371134022,3302.4
1748.2469931271478,3299.1
1747.3527491408936,3291.4
1746.4585051546392,3315.8
1745.564261168385,3308.0
1744.6700171821308,3278.8
1743.7757731958764,3304.9
1742.8815292096222,3309.1
1741.9872852233677,3342.0
1741.0930412371135,3313.3
1740.1987972508591,3285.8
1739.304553264605,3298.6
1738.4103092783507,3281.1
1737.5160652920963,3281.2
1736.621821305842,3285.3
1735.7275773195877,3323.7
1734.8333333333335,3294.1
1733.939089347079,3300.5
1733.0448453608249,3299.1
1732.1506013745707,3309.8
1731.2563573883162,3300.4
1730.362113402062,3317.0
1729.4678694158076,3308.4
1728.5736254295534,3308.7
1727.679381443299,3313.1
1726.7851374570448,3307.1
1725.8908934707906,3275.8
1724.9966494845362,3263.0
1724.1024054982818,3304.0
1723.2081615120276,3324.8
1722.3139175257734,3305.5
1721.419673539519,3316.6
1720.5254295532648,3330.2
1719.6311855670106,3285.7
1718.7369415807561,3295.6
1717.8426975945017,3307.9
1716.9484536082475,3285.9
1716.0542096219933,3314.1
1715.159965635739,3316.3
1714.2657216494847,3287.9
1713.3714776632303,3297.3
1712.477233676976,3317.9
1711.5829896907217,3311.7
1710.6887457044675,3296.0
1709.7945017182133,3295.9
1708.9002577319588,3287.1
1708.0060137457046,3297.3
1707.1117697594502,3278.3
1706.217525773196,3302.5
1705.3232817869416,3277.0
1704.4290378006874,3303.0
1703.5347938144332,3300.5
1702.6405498281788,3278.7
1701.7463058419246,3319.9
1700.8520618556702,3298.9
1699.957817869416,3317.5
1699.0635738831616,3302.7
1698.1693298969074,3303.6
1697.2750859106532,3304.8
1696.3808419243987,3299.1
1695.4865979381443,3310.3
1694.5923539518901,3298.1
1693.698109965636,3311.7
1692.8038659793815,3286.2
1691.9096219931273,3289.1
1691.015378006873,3321.4
1690.1211340206187,3309.8
1689.2268900343643,3286.8
1688.33264604811,3284.4
1687.4384020618559,3284.0
1686.5441580756014,3288.9
1685.6499140893472,3268.1
1684.7556701030928,3301.2
1683.8614261168386,3292.9
1682.9671821305842,3324.3
1682.07293814433,3285.5
1681.1786941580758,3292.9
1680.2844501718214,3298.3
1679.3902061855672,3278.7
1678.4959621993128,3286.2
1677.6017182130586,3294.2
1676.7074742268042,3283.4
1675.81323024055,3267.7
1674.9189862542958,3298.0
1674.0247422680413,3310.8
1673.1304982817871,3321.4
1672.2362542955327,3315.5
1671.3420103092785,3307.8
1670.447766323024,3292.4
1669.55352233677,3291.3
1668.6592783505157,3296.2
1667.7650343642613,3287.4
1666.8707903780069,3275.1
1665.9765463917527,3303.7
1665.0823024054985,3279.7
1664.188058419244,3326.1
1663.2938144329898,3287.2
1662.3995704467357,3305.9
1661.5053264604812,3276.5
1660.6110824742268,3302.4
1659.7168384879726,3301.4
1658.8225945017184,3297.5
1657.928350515464,3290.5
1657.0341065292098,3300.2
1656.1398625429554,3330.7
1655.2456185567012,3290.0
1654.3513745704468,3288.1
1653.4571305841926,3307.2
1652.5628865979384,3298.4
1651.668642611684,3287.9
1650.7743986254297,3305.7
1649.8801546391753,3320.9
1648.9859106529211,3275.3
1648.0916666666667,3293.0
1647.1974226804125,3284.7
1646.3031786941583,3302.8
1645.4089347079039,3297.1
1644.5146907216495,3300.1
1643.6204467353953,3314.5
1642.726202749141,3284.3
1641.8319587628866,3277.7
1640.9377147766324,3286.0
1640.0434707903783,3290.4
1639.1492268041238,3317.4
1638.2549828178694,3310.7
1637.3607388316152,3297.6
1636.466494845361,3325.7
1635.5722508591066,3294.5
1634.6780068728524,3337.0
1633.783762886598,3344.5
1632.8895189003438,3299.7
1631.9952749140894,3304.4
1631.1010309278352,3289.5
1630.206786941581,3313.5
1629.3125429553265,3290.7
1628.4182989690723,3312.8
1627.524054982818,3307.2
1626.6298109965637,3306.2
1625.7355670103093,3294.3
1624.841323024055,3312.6
1623.947079037801,3313.7
1623.0528350515465,3319.7
1622.1585910652923,3323.3
1621.2643470790379,3292.8
1620.3701030927837,3320.0
1619.4758591065292,3315.4
1618.581615120275,3315.1
1617.6873711340209,3290.8
1616.7931271477664,3315.1
1615.898883161512,3351.5
1615.0046391752578,3360.3
1614.1103951890036,3325.4
1613.2161512027492,3324.8
1612.321907216495,3353.8
1611.4276632302408,3352.8
1610.5334192439864,3329.0
1609.639175257732,3334.4
1608.7449312714778,3345.4
1607.8506872852236,3331.2
1606.9564432989691,3311.1
1606.062199312715,3341.3
1605.1679553264605,3340.7
1604.2737113402063,3329.9
1603.379467353952,3370.2
1602.4852233676977,3363.3
1601.5909793814435,3341.3
1600.696735395189,3391.6
1599.8024914089349,3338.0
1598.9082474226805,3342.5
1598.0140034364263,3338.9
1597.1197594501718,3348.9
1596.2255154639176,3363.9
1595.3312714776634,3353.4
1594.437027491409,3359.7
1593.5427835051548,3393.7
1592.6485395189004,3405.1
1591.7542955326462,3365.2
1590.8600515463918,3372.7
1589.9658075601376,3350.8
1589.0715635738834,3379.9
1588.177319587629,3383.0
1587.2830756013745,3377.9
1586.3888316151204,3353.3
1585.4945876288662,3375.2
1584.6003436426117,3388.1
1583.7060996563575,3373.5
1582.8118556701033,3374.5
1581.917611683849,3369.7
1581.0233676975945,3348.8
1580.1291237113403,3402.1
1579.234879725086,3337.9
1578.3406357388317,3380.7
1577.4463917525775,3418.5
1576.552147766323,3386.2
1575.6579037800689,3336.5
1574.7636597938144,3385.8
1573.8694158075602,3399.5
1572.975171821306,3374.4
1572.0809278350516,3347.8
1571.1866838487974,3377.1
1570.292439862543,3400.9
1569.3981958762888,3396.2
1568.5039518900344,3408.5
1567.6097079037802,3369.4
1566.715463917526,3390.6
1565.8212199312716,3367.7
1564.9269759450174,3381.3
1564.032731958763,3375.0
1563.1384879725088,3387.4
1562.2442439862543,3388.2
1561.3500000000001,3392.2
1560.455756013746,3424.7
1559.5615120274915,3370.5
1558.667268041237,3409.3
1557.773024054983,3375.4
1556.8787800687287,3397.7
1555.9845360824743,3394.1
1555.09029209622,3435.8
1554.196048109966,3390.1
1553.3018041237115,3372.7
1552.407560137457,3400.7
1551.5133161512028,3337.4
1550.6190721649486,3354.9
1549.7248281786942,3379.5
1548.83058419244,3391.1
1547.9363402061856,3392.4
1547.0420962199314,3387.3
1546.147852233677,3389.9
1545.2536082474228,3396.2
1544.3593642611686,3412.6
1543.4651202749142,3366.2
1542.57087628866,3402.2
1541.6766323024056,3415.5
1540.7823883161514,3388.5
1539.888144329897,3452.1
1538.9939003436427,3358.1
1538.0996563573885,3389.1
1537.2054123711341,3360.6
1536.31116838488,3369.5
1535.4169243986255,3413.9
1534.5226804123713,3409.8
1533.6284364261169,3371.2
1532.7341924398627,3400.0
1531.8399484536085,3382.7
1530.945704467354,3418.9
1530.0514604810996,3378.1
1529.1572164948454,3402.2
1528.2629725085912,3382.6
1527.3687285223368,3341.4
1526.4744845360826,3395.9
1525.5802405498282,3372.0
1524.685996563574,3405.5
1523.7917525773196,3398.0
1522.8975085910654,3370.4
1522.0032646048112,3374.4
1521.1090206185568,3437.3
1520.2147766323026,3476.0
1519.3205326460482,3396.2
1518.426288659794,3384.5
1517.5320446735395,3379.9
1516.6378006872853,3395.5
1515.7435567010311,3425.4
1514.8493127147767,3410.9
1513.9550687285225,3420.8
1513.060824742268,3429.1
1512.166580756014,3398.7
1511.2723367697595,3391.4
1510.3780927835053,3405.1
1509.483848797251,3330.4
1508.5896048109967,3403.9
1507.6953608247422,3425.9
1506.801116838488,3391.5
1505.9068728522338,3423.8
1505.0126288659794,3449.0
1504.1183848797252,3419.6
1503.224140893471,3411.3
1502.3298969072166,3385.6
1501.4356529209622,3410.7
1500.541408934708,3390.8
1499.6471649484538,3421.0
1498.7529209621994,3402.6
1497.8586769759452,3437.4
1496.9644329896907,3426.0
1496.0701890034366,3468.7
1495.1759450171821,3402.7
1494.281701030928,3437.2
1493.3874570446737,3398.0
1492.4932130584193,3454.1
1491.5989690721651,3432.8
1490.7047250859107,3436.4
1489.8104810996565,3413.1
1488.916237113402,3456.6
1488.0219931271479,3397.7
1487.1277491408937,3438.8
1486.2335051546393,3420.2
1485.339261168385,3424.6
1484.4450171821306,3392.1
1483.5507731958764,3419.7
1482.656529209622,3442.9
1481.7622852233678,3411.7
1480.8680412371136,3388.2
1479.9737972508592,3423.2
1479.0795532646048,3426.8
1478.1853092783506,3435.1
1477.2910652920964,3444.0
1476.396821305842,3406.6
1475.5025773195878,3381.3
1474.6083333333336,3412.8
1473.7140893470792,3412.9
1472.8198453608247,3406.6
1471.9256013745705,3413.8
1471.0313573883163,3379.8
1470.137113402062,3406.0
1469.2428694158077,3373.5
1468.3486254295535,3413.1
1467.454381443299,3411.9
1466.5601374570447,3401.8
1465.6658934707905,3414.8
1464.7716494845363,3388.8
1463.8774054982819,3431.6
1462.9831615120274,3394.3
1462.0889175257735,3349.9
1461.194673539519,3398.7
1460.3004295532646,3435.7
1459.4061855670104,3366.7
1458.5119415807562,3378.3
1457.6176975945018,3384.2
1456.7234536082474,3343.3
1455.8292096219932,3390.3
1454.934965635739,3394.5
1454.0407216494846,3385.9
1453.1464776632304,3384.8
1452.2522336769762,3375.3
1451.3579896907218,3358.8
1450.4637457044673,3371.4
1449.5695017182131,3362.3
1448.675257731959,3394.6
1447.7810137457045,3382.0
1446.8867697594503,3359.3
1445.9925257731961,3409.3
1445.0982817869417,3412.6
1444.2040378006873,3381.6
1443.309793814433,3358.1
1442.4155498281789,3384.7
1441.5213058419245,3344.8
1440.6270618556703,3364.1
1439.732817869416,3354.9
1438.8385738831616,3390.4
1437.9443298969072,3358.6
1437.050085910653,3348.5
1436.1558419243988,3388.3
1435.2615979381444,3346.4
1434.36735395189,3417.1
1433.473109965636,3375.9
1432.5788659793816,3319.3
1431.6846219931272,3338.3
1430.790378006873,3348.2
1429.8961340206188,3356.4
1429.0018900343644,3369.5
1428.10764604811,3322.8
1427.2134020618557,3351.0
1426.3191580756015,3352.7
1425.424914089347,3352.6
1424.530670103093,3407.9
1423.6364261168387,3336.8
1422.7421821305843,3365.7
1421.8479381443299,3344.2
1420.9536941580757,3340.9
1420.0594501718215,3368.5
1419.165206185567,3391.3
1418.2709621993129,3339.5
1417.3767182130587,3355.8
1416.4824742268042,3355.9
1415.5882302405498,3375.8
1414.6939862542956,3338.1
1413.7997422680414,3371.5
1412.905498281787,3371.3
1412.0112542955326,3344.3
1411.1170103092786,3342.0
1410.2227663230242,3348.4
1409.3285223367698,3327.1
1408.4342783505156,3337.5
1407.5400343642614,3375.4
1406.645790378007,3350.9
1405.7515463917525,3346.1
1404.8573024054983,3359.6
1403.9630584192441,3357.1
1403.0688144329897,3392.6
1402.1745704467355,3364.1
1401.2803264604813,3335.9
1400.386082474227,3370.8
1399.4918384879725,3331.5
1398.5975945017183,3392.5
1397.703350515464,3373.9
1396.8091065292097,3369.3
1395.9148625429555,3369.5
1395.0206185567013,3336.9
1394.1263745704468,3352.2
1393.2321305841924,3353.0
1392.3378865979382,3384.4
1391.443642611684,3377.8
1390.5493986254296,3336.8
1389.6551546391754,3351.2
1388.7609106529212,3337.1
1387.8666666666668,3325.3
1386.9724226804124,3355.6
1386.0781786941582,3361.5
1385.183934707904,3340.7
1384.2896907216495,3367.7
1383.3954467353951,3367.0
1382.5012027491412,3358.0
1381.6069587628867,3356.0
1380.7127147766323,3347.1
1379.8184707903781,3359.2
1378.924226804124,3343.0
1378.0299828178695,3338.4
1377.135738831615,3380.6
1376.2414948453609,3372.2
1375.3472508591067,3408.1
1374.4530068728523,3360.6
1373.558762886598,3365.2
1372.6645189003439,3365.5
1371.7702749140894,3387.7
1370.876030927835,3417.5
1369.9817869415808,3372.8
1369.0875429553266,3404.2
1368.1932989690722,3366.6
1367.299054982818,3386.3
1366.4048109965638,3351.2
1365.5105670103094,3395.5
1364.616323024055,3363.6
1363.7220790378008,3400.3
1362.8278350515466,3402.0
1361.9335910652921,3407.6
1361.039347079038,3364.5
1360.1451030927838,3364.9
1359.2508591065293,3402.9
1358.356615120275,3363.2
1357.4623711340207,3348.8
1356.5681271477665,3374.6
1355.673883161512,3372.0
1354.7796391752577,3374.6
1353.8853951890037,3386.8
1352.9911512027493,3392.9
1352.0969072164949,3379.5
1351.2026632302407,3404.2
1350.3084192439865,3365.9
1349.414175257732,3369.2
1348.5199312714776,3370.5
1347.6256872852234,3354.5
1346.7314432989692,3368.9
1345.8371993127148,3355.3
1344.9429553264606,3349.8
1344.0487113402064,3349.8
1343.154467353952,3338.5
1342.2602233676976,3345.3
1341.3659793814434,3340.5
1340.4717353951892,3365.4
1339.5774914089347,3362.8
1338.6832474226806,3379.8
1337.7890034364264,3351.5
1336.894759450172,3352.5
1336.0005154639175,3372.5
1335.1062714776633,3345.8
1334.2120274914091,3367.5
1333.3177835051547,3336.8
1332.4235395189005,3351.2
1331.5292955326463,3352.4
1330.6350515463919,3350.9
1329.7408075601375,3341.6
1328.8465635738833,3357.1
1327.952319587629,3359.7
1327.0580756013746,3344.2
1326.1638316151202,3365.0
1325.2695876288662,3349.9
1324.3753436426118,3348.1
1323.4810996563574,3332.4
1322.5868556701032,3385.0
1321.692611683849,3363.8
1320.7983676975946,3330.8
1319.9041237113402,3337.0
1319.009879725086,3329.5
1318.1156357388318,3356.5
1317.2213917525773,3371.0
1316.3271477663232,3352.3
1315.432903780069,3370.7
1314.5386597938145,3355.2
1313.64441580756,3368.6
1312.750171821306,3363.3
1311.8559278350517,3356.0
1310.9616838487973,3358.7
1310.067439862543,3345.1
1309.173195876289,3330.3
1308.2789518900345,3346.1
1307.38470790378,3381.4
1306.4904639175259,3333.3
1305.5962199312717,3359.7
1304.7019759450172,3370.9
1303.8077319587628,3359.9
1302.9134879725088,3348.9
1302.0192439862544,3381.4
1301.125,3346.7
1300.2307560137458,3342.9
1299.3365120274916,3379.0
1298.4422680412372,3385.1
1297.5480240549828,3357.0
1296.6537800687286,3338.0
1295.7595360824744,3350.8
1294.86529209622,3349.9
1293.9710481099657,3337.7
1293.0768041237116,3319.3
1292.1825601374571,3331.1
1291.2883161512027,3395.0
1290.3940721649485,3348.0
1289.4998281786943,3373.1
1288.60558419244,3367.7
1287.7113402061857,3346.3
1286.8170962199315,3374.2
1285.922852233677,3354.0
1285.0286082474227,3334.4
1284.1343642611685,3340.0
1283.2401202749143,3371.5
1282.3458762886598,3337.0
1281.4516323024056,3351.9
1280.5573883161514,3367.6
1279.663144329897,3348.2
1278.7689003436426,3342.7
1277.8746563573884,3347.2
1276.9804123711342,3314.1
1276.0861683848798,3374.8
1275.1919243986254,3368.5
1274.2976804123714,3357.3
1273.403436426117,3335.9
1272.5091924398625,3363.0
1271.6149484536083,3373.6
1270.7207044673542,3310.7
1269.8264604810997,3337.2
1268.9322164948453,3351.7
1268.037972508591,3336.3
1267.143728522337,3336.8
1266.2494845360825,3340.6
1265.3552405498283,3369.7
1264.460996563574,3354.1
1263.5667525773197,3332.9
1262.6725085910653,3360.3
1261.778264604811,3353.2
1260.8840206185569,3353.7
1259.9897766323024,3337.1
1259.0955326460482,3347.4
1258.201288659794,3352.0
1257.3070446735396,3358.5
1256.4128006872852,3380.6
1255.518556701031,3363.7
1254.6243127147768,3349.9
1253.7300687285224,3371.7
1252.8358247422682,3332.4
1251.941580756014,3349.4
1251.0473367697596,3382.7
1250.1530927835051,3378.0
1249.258848797251,3359.6
1248.3646048109968,3357.0
1247.4703608247423,3350.1
1246.576116838488,3347.6
1245.681872852234,3356.5
1244.7876288659795,3364.5
1243.893384879725,3348.0
1242.999140893471,3341.9
1242.1048969072167,3343.4
1241.2106529209623,3347.1
1240.3164089347079,3381.9
1239.4221649484537,3319.7
1238.5279209621995,3366.9
1237.633676975945,3351.8
1236.7394329896908,3371.5
1235.8451890034366,3335.0
1234.9509450171822,3337.4
1234.0567010309278,3347.0
1233.1624570446736,3402.9
1232.2682130584194,3380.1
1231.373969072165,3379.8
1230.4797250859108,3394.9
1229.5854810996566,3366.3
1228.6912371134022,3388.4
1227.7969931271477,3366.9
1226.9027491408935,3376.3
1226.0085051546394,3365.6
1225.114261168385,3344.4
1224.2200171821307,3379.4
1223.3257731958765,3403.8
1222.431529209622,3385.0
1221.5372852233677,3363.0
1220.6430412371135,3414.4
1219.7487972508593,3358.8
1218.8545532646049,3396.1
1217.9603092783505,3415.7
1217.0660652920965,3376.3
1216.171821305842,3402.5
1215.2775773195876,3349.6
1214.3833333333334,3329.1
1213.4890893470792,3389.0
1212.5948453608248,3419.1
1211.7006013745704,3352.0
1210.8063573883162,3369.3
1209.912113402062,3371.3
1209.0178694158076,3353.2
1208.1236254295534,3363.0
1207.2293814432992,3343.5
1206.3351374570448,3389.8
1205.4408934707903,3347.1
1204.5466494845361,3391.6
1203.652405498282,3395.2
1202.7581615120275,3392.0
1201.8639175257733,3355.4
1200.9696735395191,3400.7
1200.0754295532647,3375.6
1199.1811855670103,3365.4
1198.286941580756,3351.7
1197.392697594502,3368.0
1196.4984536082475,3384.5
1195.6042096219933,3350.9
1194.709965635739,3394.9
1193.8157216494847,3359.6
1192.9214776632302,3371.4
1192.027233676976,3327.2
1191.1329896907218,3367.7
1190.2387457044674,3357.5
1189.344501718213,3359.4
1188.4502577319588,3347.0
1187.5560137457046,3349.5
1186.6617697594502,3366.7
1185.767525773196,3376.5
1184.8732817869418,3364.1
1183.9790378006874,3399.8
1183.084793814433,3375.1
1182.1905498281787,3358.1
1181.2963058419245,3357.1
1180.4020618556701,3326.3
1179.507817869416,3340.3
1178.6135738831617,3357.4
1177.7193298969073,3343.4
1176.825085910653,3372.2
1175.9308419243987,3344.8
1175.0365979381445,3316.1
1174.14235395189,3357.1
1173.2481099656359,3381.5
1172.3538659793817,3357.3
1171.4596219931273,3370.6
1170.5653780068728,3339.7
1169.6711340206186,3359.4
1168.7768900343644,3378.6
1167.88264604811,3365.5
1166.9884020618556,3381.3
1166.0941580756016,3349.2
1165.1999140893472,3340.3
1164.3056701030928,3377.2
1163.4114261168386,3342.0
1162.5171821305844,3345.1
1161.62293814433,3350.1
1160.7286941580755,3344.7
1159.8344501718213,3334.7
1158.9402061855671,3344.7
1158.0459621993127,3345.5
1157.1517182130585,3372.9
1156.2574742268043,3326.4
1155.36323024055,3368.1
1154.4689862542955,3376.3
1153.5747422680413,3361.0
1152.680498281787,3344.3
1151.7862542955327,3354.2
1150.8920103092785,3364.3
1149.9977663230243,3334.8
1149.1035223367699,3345.0
1148.2092783505154,3348.4
1147.3150343642612,3357.5
1146.420790378007,3397.5
1145.5265463917526,3376.4
1144.6323024054984,3329.5
1143.7380584192442,3372.5
1142.8438144329898,3387.8
1141.9495704467354,3330.5
1141.0553264604812,3340.9
1140.161082474227,3339.8
1139.2668384879726,3371.6
1138.3725945017181,3368.9
1137.4783505154642,3364.5
1136.5841065292097,3349.6
1135.6898625429553,3400.1
1134.7956185567011,3352.3
1133.901374570447,3392.4
1133.0071305841925,3360.4
1132.112886597938,3348.9
1131.218642611684,3356.2
1130.3243986254297,3371.5
1129.4301546391753,3347.7
1128.535910652921,3385.0
1127.6416666666669,3341.2
1126.7474226804125,3384.1
1125.853178694158,3361.4
1124.9589347079038,3301.7
1124.0646907216496,3388.0
1123.1704467353952,3352.9
1122.276202749141,3349.0
1121.3819587628868,3351.2
1120.4877147766324,3396.4
1119.593470790378,3346.5
1118.6992268041238,3362.6
1117.8049828178696,3347.8
1116.9107388316152,3348.3
1116.016494845361,3374.7
1115.1222508591068,3379.5
1114.2280068728523,3376.8
1113.333762886598,3380.1
1112.4395189003437,3400.4
1111.5452749140895,3374.7
1110.651030927835,3357.5
1109.7567869415807,3378.0
1108.8625429553267,3355.2
1107.9682989690723,3356.7
1107.0740549828179,3379.9
1106.1798109965637,3345.0
1105.2855670103095,3380.7
1104.391323024055,3350.1
1103.4970790378006,3368.9
1102.6028350515464,3393.7
1101.7085910652922,3364.1
1100.8143470790378,3374.7
1099.9201030927836,3395.7
1099.0258591065294,3413.6
1098.131615120275,3379.3
1097.2373711340206,3373.1
1096.3431271477664,3393.6
1095.4488831615122,3403.5
1094.5546391752578,3397.1
1093.6603951890036,3369.3
1092.7661512027494,3422.8
1091.871907216495,3387.7
1090.9776632302405,3338.2
1090.0834192439863,3377.2
1089.1891752577321,3377.0
1088.2949312714777,3373.4
1087.4006872852235,3348.1
1086.5064432989693,3393.3
1085.612199312715,3395.4
1084.7179553264605,3387.6
1083.8237113402063,3413.9
1082.929467353952,3399.0
1082.0352233676977,3435.2
1081.1409793814432,3360.4
1080.2467353951893,3381.0
1079.3524914089348,3414.9
1078.4582474226804,3406.2
1077.5640034364262,3422.6
1076.669759450172,3461.6
1075.7755154639176,3404.7
1074.8812714776632,3465.6
1073.987027491409,3393.7
1073.0927835051548,3395.8
1072.1985395189004,3414.2
1071.3042955326462,3431.2
1070.410051546392,3431.1
1069.5158075601375,3453.0
1068.6215635738831,3465.6
1067.727319587629,3426.0
1066.8330756013747,3475.8
1065.9388316151203,3441.9
1065.044587628866,3512.6
1064.150343642612,3522.2
1063.2560996563575,3470.4
1062.361855670103,3474.5
1061.4676116838489,3478.8
1060.5733676975947,3514.5
1059.6791237113403,3504.4
1058.7848797250858,3486.6
1057.8906357388319,3553.0
1056.9963917525774,3499.9
1056.102147766323,3519.5
1055.2079037800688,3501.5
1054.3136597938146,3516.3
1053.4194158075602,3518.1
1052.5251718213058,3536.4
1051.6309278350516,3534.4
1050.7366838487974,3531.5
1049.842439862543,3567.2
1048.9481958762888,3576.9
1048.0539518900346,3502.7
1047.1597079037801,3568.5
1046.2654639175257,3616.6
1045.3712199312715,3553.8
1044.4769759450173,3630.8
1043.582731958763,3595.2
1042.6884879725087,3664.6
1041.7942439862545,3537.6
1040.9,3619.9
1040.0057560137457,3675.2
1039.1115120274915,3616.2
1038.2172680412373,3690.1
1037.3230240549829,3700.7
1036.4287800687287,3752.7
1035.5345360824745,3683.7
1034.64029209622,3755.4
1033.7460481099656,3759.4
1032.8518041237114,3799.4
1031.9575601374572,3769.0
1031.0633161512028,3804.9
1030.1690721649484,3823.1
1029.2748281786944,3876.0
1028.38058419244,3942.5
1027.4863402061856,3914.0
1026.5920962199314,3911.4
1025.6978522336772,3901.7
1024.8036082474227,3902.4
1023.9093642611684,3983.1
1023.0151202749141,3963.6
1022.1208762886599,3986.2
1021.2266323024056,3999.6
1020.3323883161513,3915.7
1019.438144329897,4009.8
1018.5439003436427,4055.2
1017.6496563573884,4054.2
1016.7554123711341,4004.1
1015.8611683848798,4061.4
1014.9669243986256,4057.6
1014.0726804123713,4050.4
1013.178436426117,4082.9
1012.2841924398626,4082.8
1011.3899484536083,4084.2
1010.495704467354,4065.4
1009.6014604810997,4078.2
1008.7072164948454,4031.6
1007.8129725085912,4095.1
1006.9187285223369,4045.8
1006.0244845360826,4091.2
1005.1302405498283,4032.6
1004.235996563574,4027.5
1003.3417525773197,4049.7
1002.4475085910653,3982.4
1001.553264604811,4129.0
1000.6590206185568,4061.7
999.7647766323025,4106.9
998.8705326460482,4074.7
997.9762886597939,4051.2
997.0820446735396,4088.3
996.1878006872853,4165.1
995.293556701031,4012.5
994.3993127147767,4079.5
993.5050687285225,4087.5
992.6108247422682,4111.7
991.7165807560139,4103.7
990.8223367697595,4091.0
989.9280927835052,4086.8
989.0338487972509,4004.8
988.1396048109966,4083.3
987.2453608247423,4062.6
986.3511168384881,4061.5
985.4568728522338,4028.0
984.5626288659795,3989.5
983.6683848797252,4081.0
982.7741408934709,4030.2
981.8798969072166,4021.6
980.9856529209623,4034.9
980.0914089347079,4054.1
979.1971649484537,4002.7
978.3029209621994,4017.1
977.4086769759451,4038.3
976.5144329896908,3946.1
975.6201890034365,4048.8
974.7259450171822,4018.8
973.8317010309279,3962.4
972.9374570446736,3926.2
972.0432130584194,3976.3
971.1489690721651,3878.8
970.2547250859108,3948.9
969.3604810996565,3897.4
968.4662371134021,3872.5
967.5719931271478,3953.3
966.6777491408936,3826.4
965.7835051546392,3797.7
964.889261168385,3835.0
963.9950171821306,3782.9
963.1007731958764,3794.7
962.206529209622,3676.7
961.3122852233678,3738.6
960.4180412371136,3800.4
959.5237972508592,3679.5
958.629553264605,3690.8
957.7353092783505,3643.8
956.8410652920963,3658.9
955.9468213058419,3636.9
955.0525773195877,3698.5
954.1583333333333,3605.1
953.2640893470791,3629.4
952.3698453608249,3614.7
951.4756013745705,3620.7
950.5813573883163,3687.9
949.6871134020619,3607.8
948.7928694158077,3576.5
947.8986254295532,3603.8
947.004381443299,3598.9
946.1101374570449,3573.4
945.2158934707904,3645.2
944.3216494845362,3575.8
943.4274054982818,3614.4
942.5331615120276,3570.1
941.6389175257732,3602.6
940.744673539519,3592.9
939.8504295532646,3585.4
938.9561855670104,3536.6
938.0619415807562,3588.7
937.1676975945018,3561.7
936.2734536082476,3589.1
935.3792096219931,3613.2
934.484965635739,3560.9
933.5907216494845,3555.7
932.6964776632303,3596.7
931.8022336769761,3552.9
930.9079896907217,3574.7
930.0137457044675,3523.1
929.1195017182131,3529.3
928.2252577319589,3587.4
927.3310137457045,3594.1
926.4367697594503,3545.0
925.5425257731958,3615.9
924.6482817869417,3521.2
923.7540378006875,3578.3
922.859793814433,3562.8
921.9655498281788,3516.5
921.0713058419244,3607.2
920.1770618556702,3553.4
919.2828178694158,3526.7
918.3885738831616,3574.9
917.4943298969074,3544.5
916.600085910653,3569.0
915.7058419243988,3517.4
914.8115979381444,3595.5
913.9173539518902,3533.7
913.0231099656357,3545.3
912.1288659793815,3529.3
911.2346219931271,3572.5
910.3403780068729,3581.4
909.4461340206187,3540.1
908.5518900343643,3526.7
907.6576460481101,3530.5
906.7634020618557,3587.8
905.8691580756015,3577.6
904.9749140893471,3562.3
904.0806701030929,3502.0
903.1864261168387,3576.2
902.2921821305843,3563.6
901.39793814433,3521.7
900.5036941580756,3601.9
899.6094501718214,3564.5
898.715206185567,3597.7
897.8209621993128,3515.2
896.9267182130584,3566.1
896.0324742268042,3561.9
895.13823024055,3587.0
894.2439862542956,3552.8
893.3497422680414,3540.0
892.455498281787,3584.4
891.5612542955328,3519.6
890.6670103092783,3567.3
889.7727663230241,3599.0
888.87852233677,3545.0
887.9842783505155,3530.9
887.0900343642613,3545.2
886.1957903780069,3555.4
885.3015463917527,3589.9
884.4073024054983,3581.5
883.5130584192441,3527.3
882.6188144329897,3556.1
881.7245704467355,3584.7
880.8303264604813,3536.4
879.9360824742269,3565.7
879.0418384879727,3551.5
878.1475945017182,3483.9
877.253350515464,3514.2
876.3591065292096,3553.6
875.4648625429554,3476.5
874.5706185567012,3501.4
873.6763745704468,3528.1
872.7821305841926,3563.3
871.8878865979382,3540.8
870.993642611684,3552.0
870.0993986254296,3512.2
869.2051546391754,3560.0
868.3109106529209,3548.3
867.4166666666667,3518.1
866.5224226804125,3561.1
865.6281786941581,3526.9
864.7339347079039,3479.4
863.8396907216495,3580.5
862.9454467353953,3537.5
862.0512027491409,3533.0
861.1569587628867,3480.9
860.2627147766325,3523.0
859.3684707903781,3548.8
858.4742268041239,3509.9
857.5799828178694,3529.3
856.6857388316153,3545.8
855.7914948453608,3525.0
854.8972508591066,3540.8
854.0030068728522,3529.2
853.108762886598,3523.4
852.2145189003438,3551.4
851.3202749140894,3513.1
850.4260309278352,3535.7
849.5317869415808,3530.5
848.6375429553266,3527.6
847.7432989690722,3529.3
846.849054982818,3506.4
845.9548109965635,3569.4
845.0605670103093,3584.2
844.1663230240551,3510.4
843.2720790378007,3576.3
842.3778350515465,3540.5
841.4835910652921,3536.8
840.5893470790379,3510.7
839.6951030927835,3575.7
838.8008591065293,3521.0
837.9066151202751,3537.4
837.0123711340207,3521.7
836.1181271477665,3552.8
835.223883161512,3580.1
834.3296391752579,3570.0
833.4353951890034,3523.9
832.5411512027492,3586.1
831.6469072164948,3540.4
830.7526632302406,3533.9
829.8584192439864,3552.1
828.964175257732,3577.9
828.0699312714778,3531.2
827.1756872852234,3645.4
826.2814432989692,3591.8
825.3871993127148,3574.5
824.4929553264606,3509.9
823.5987113402064,3591.7
822.7044673539519,3626.0
821.8102233676977,3600.0
820.9159793814433,3559.6
820.0217353951891,3527.8
819.1274914089347,3600.6
818.2332474226805,3585.8
817.3390034364261,3596.1
816.4447594501719,3576.6
815.5505154639177,3557.4
814.6562714776633,3504.0
813.7620274914091,3548.5
812.8677835051546,3596.5
811.9735395189005,3594.4
811.079295532646,3569.5
810.1850515463918,3597.9
809.2908075601376,3565.0
808.3965635738832,3600.6
807.502319587629,3520.3
806.6080756013746,3573.6
805.7138316151204,3570.1
804.819587628866,3577.3
803.9253436426118,3582.2
803.0310996563574,3602.2
802.1368556701032,3558.8
801.242611683849,3623.4
800.3483676975945,3573.4
799.4541237113403,3610.0
798.5598797250859,3550.8
797.6656357388317,3528.6
796.7713917525773,3586.5
795.8771477663231,3623.3
794.9829037800689,3541.4
794.0886597938145,3582.6
793.1944158075603,3507.2
792.3001718213059,3556.5
791.4059278350517,3565.0
790.5116838487972,3589.5
789.617439862543,3591.0
788.7231958762886,3598.4
787.8289518900344,3646.8
786.9347079037802,3587.2
786.0404639175258,3637.1
785.1462199312716,3545.5
784.2519759450172,3594.7
783.357731958763,3621.2
782.4634879725086,3608.5
781.5692439862544,3601.0
780.6750000000002,3564.1
779.7807560137458,3622.4
778.8865120274916,3664.2
777.9922680412371,3615.1
777.098024054983,3693.4
776.2037800687285,3612.8
775.3095360824743,3658.3
774.4152920962199,3687.1
773.5210481099657,3671.9
772.6268041237115,3689.0
771.7325601374571,3702.6
770.8383161512029,3770.1
769.9440721649485,3759.5
769.0498281786943,3788.6
768.1555841924398,3827.7
767.2613402061857,3826.2
766.3670962199315,3868.2
765.472852233677,4006.6
764.5786082474228,4060.5
763.6843642611684,4113.4
762.7901202749142,4345.8
761.8958762886598,4424.9
761.0016323024056,4529.7
760.1073883161512,4880.4
759.213144329897,5099.5
758.3189003436428,5309.8
757.4246563573884,5549.9
756.5304123711342,5928.7
755.6361683848797,6111.0
754.7419243986255,6152.7
753.8476804123711,6363.4
752.9534364261169,6421.0
752.0591924398627,6350.4
751.1649484536083,6265.3
750.2707044673541,6194.4
749.3764604810997,6172.5
748.4822164948455,5787.1
747.5879725085911,5601.1
746.6937285223369,5501.6
745.7994845360824,5260.2
744.9052405498282,5175.4
744.010996563574,4952.3
743.1167525773196,4751.0
742.2225085910654,4617.2
741.328264604811,4542.6
740.4340206185568,4486.8
739.5397766323024,4354.1
738.6455326460482,4303.7
737.751288659794,4077.7
736.8570446735396,4072.8
735.9628006872854,3952.5
735.068556701031,3943.6
734.1743127147768,3887.4
733.2800687285223,3813.2
732.3858247422681,3754.0
731.4915807560137,3796.8
730.5973367697595,3783.2
729.7030927835053,3729.9
728.8088487972509,3721.1
727.9146048109967,3714.3
727.0203608247423,3684.3
726.1261168384881,3635.2
725.2318728522337,3632.9
724.3376288659795,3653.6
723.443384879725,3608.1
722.5491408934708,3671.5
721.6548969072167,3618.8
720.7606529209622,3677.3
719.866408934708,3636.5
718.9721649484536,3648.0
718.0779209621994,3617.5
717.183676975945,3572.5
716.2894329896908,3697.5
715.3951890034366,3621.2
714.5009450171822,3649.2
713.606701030928,3521.1
712.7124570446736,3595.9
711.8182130584194,3637.4
710.9239690721649,3552.6
710.0297250859107,3550.7
709.1354810996563,3612.4
708.2412371134021,3559.3
707.3469931271479,3565.9
706.4527491408935,3583.5
705.5585051546393,3653.0
704.6642611683849,3532.2
703.7700171821307,3607.2
702.8757731958763,3614.8
701.9815292096221,3609.5
701.0872852233679,3554.9
700.1930412371134,3619.9
699.2987972508593,3595.3
698.4045532646048,3582.5
697.5103092783506,3628.5
696.6160652920962,3590.7
695.721821305842,3578.3
694.8275773195876,3640.6
693.9333333333334,3559.3
693.0390893470792,3594.4
692.1448453608248,3577.7
691.2506013745706,3599.8
690.3563573883162,3596.3
689.462113402062,3598.1
688.5678694158075,3586.6
687.6736254295533,3594.0
686.7793814432991,3621.9
685.8851374570447,3666.0
684.9908934707905,3597.3
684.0966494845361,3595.2
683.2024054982819,3611.2
682.3081615120275,3609.3
681.4139175257733,3639.7
680.5196735395189,3623.9
679.6254295532647,3620.2
678.7311855670105,3591.0
677.836941580756,3574.1
676.9426975945019,3593.7
676.0484536082474,3593.8
675.1542096219932,3702.1
674.2599656357388,3596.3
673.3657216494846,3678.8
672.4714776632304,3627.2
671.577233676976,3636.1
670.6829896907218,3623.1
669.7887457044674,3612.3
668.8945017182132,3659.6
668.0002577319588,3604.7
667.1060137457046,3669.7
666.2117697594501,3670.0
665.3175257731959,3625.9
664.4232817869417,3659.7
663.5290378006873,3646.9
662.6347938144331,3621.8
661.7405498281787,3663.4
660.8463058419245,3626.9
659.9520618556701,3760.0
659.0578178694159,3724.6
658.1635738831617,3672.7
657.2693298969073,3703.7
656.3750859106531,3765.1
655.4808419243986,3779.7
654.5865979381445,3749.7
653.69235395189,3707.8
652.7981099656358,3726.8
651.9038659793814,3717.6
651.0096219931272,3726.5
650.115378006873,3728.1
649.2211340206186,3742.8
648.3268900343644,3700.4
647.43264604811,3758.4
646.5384020618558,3701.5
645.6441580756014,3718.7
644.7499140893472,3746.4
643.855670103093,3704.9
642.9614261168385,3737.5
642.0671821305843,3750.1
641.1729381443299,3750.3
640.2786941580757,3773.8
639.3844501718213,3757.8
638.4902061855671,3738.9
637.5959621993127,3740.9
636.7017182130585,3707.9
635.8074742268043,3743.8
634.9132302405499,3787.0
634.0189862542957,3772.2
633.1247422680412,3755.7
632.230498281787,3752.9
631.3362542955326,3751.8
630.4420103092784,3790.7
629.5477663230242,3739.9
628.6535223367698,3798.4
627.7592783505156,3731.9
626.8650343642612,3767.5
625.970790378007,3765.7
625.0765463917526,3810.5
624.1823024054984,3795.8
623.288058419244,3767.0
622.3938144329898,3757.2
621.4995704467356,3869.2
620.6053264604811,3850.9
619.7110824742269,3792.0
618.8168384879725,3846.9
617.9225945017183,3842.0
617.0283505154639,3734.5
616.1341065292097,3778.2
615.2398625429553,3782.1
614.3456185567011,3824.9
613.4513745704469,3778.3
612.5571305841925,3815.5
611.6628865979383,3873.3
610.7686426116838,3740.0
609.8743986254296,3803.6
608.9801546391752,3784.2
608.085910652921,3781.4
607.1916666666668,3807.4
606.2974226804124,3791.8
605.4031786941582,3792.7
604.5089347079038,3821.0
603.6146907216496,3838.0
602.7204467353952,3799.0
601.826202749141,3755.6
600.9319587628866,3802.1
600.0377147766324,3786.5
599.1434707903782,3864.3
598.2492268041237,3977.5
597.3549828178695,3856.1
596.4607388316151,3822.8
595.5664948453609,3947.7
594.6722508591065,3938.5
593.7780068728523,3867.6
592.8837628865981,3980.8
591.9895189003437,3926.1
591.0952749140895,4024.8
590.2010309278351,4155.7
589.3067869415809,4121.2
588.4125429553264,4171.5
587.5182989690722,4202.4
586.6240549828178,4442.0
585.7298109965636,4592.8
584.8355670103094,4794.3
583.941323024055,5240.8
583.0470790378008,5780.4
582.1528350515464,6447.3
581.2585910652922,7421.3
580.3643470790378,8382.9
579.4701030927836,9544.3
578.5758591065294,10827.6
577.681615120275,12194.2
576.7873711340208,13417.9
575.8931271477663,14230.0
574.9988831615121,14941.8
574.1046391752577,15271.9
573.2103951890035,15355.7
572.3161512027491,14915.1
571.4219072164949,14271.6
570.5276632302407,13583.9
569.6334192439863,12952.7
568.7391752577321,12178.7
567.8449312714777,11497.3
566.9506872852235,10701.3
566.056443298969,10036.2
565.1621993127148,9457.8
564.2679553264607,9065.3
563.3737113402062,8497.8
562.479467353952,7967.6
561.5852233676976,7621.0
560.6909793814434,7247.2
559.796735395189,6941.3
558.9024914089348,6532.3
558.0082474226804,6182.5
557.1140034364262,5999.3
556.219759450172,5817.5
555.3255154639176,5839.0
554.4312714776634,5652.0
553.5370274914089,5416.6
552.6427835051547,5496.0
551.7485395189003,5459.2
550.8542955326461,5487.3
549.9600515463919,5419.6
549.0658075601375,5477.8
548.1715635738833,5413.0
547.2773195876289,5613.2
546.3830756013747,5669.0
545.4888316151203,5637.9
544.5945876288661,5741.8
543.7003436426116,5739.6
542.8060996563574,5917.3
541.9118556701033,5894.4
541.0176116838488,6042.4
540.1233676975946,6121.8
539.2291237113402,6442.2
538.334879725086,6567.1
537.4406357388316,6787.9
536.5463917525774,7058.6
535.6521477663232,7529.4
534.7579037800688,7914.2
533.8636597938146,8390.9
532.9694158075602,8827.6
532.075171821306,9573.3
531.1809278350515,10165.3
530.2866838487973,10859.5
529.3924398625429,11673.1
528.4981958762887,12568.6
527.6039518900345,13607.4
526.7097079037801,14160.1
525.8154639175259,15046.3
524.9212199312715,15915.3
524.0269759450173,16985.1
523.1327319587629,16820.6
522.2384879725087,17604.1
521.3442439862545,17612.5
520.45,17974.8
519.5557560137458,18212.5
518.6615120274914,17687.7
517.7672680412372,17218.1
516.8730240549828,16979.1
515.9787800687286,16397.9
515.0845360824742,16087.8
514.19029209622,15557.5
513.2960481099658,14879.3
512.4018041237114,14103.4
511.5075601374572,13486.7
510.61331615120275,12566.2
509.71907216494856,11724.9
508.82482817869413,10610.5
507.93058419243994,10130.1
507.03634020618574,9210.5
506.1420962199313,8617.9
505.2478522336771,7908.5
504.3536082474227,7287.1
503.4593642611685,6998.0
502.5651202749141,6539.5
501.6708762886599,6235.1
500.77663230240546,5995.2
499.88238831615126,5760.1
498.98814432989707,5678.0
498.09390034364264,5395.8
497.19965635738845,5287.2
496.305412371134,5216.1
495.41116838487983,5018.4
494.5169243986254,4965.0
493.6226804123712,4895.1
492.7284364261168,4723.1
491.8341924398626,4811.4
490.9399484536084,4845.2
490.04570446735397,4660.4
489.1514604810998,4566.5
488.25721649484535,4536.1
487.36297250859116,4498.1
486.46872852233673,4497.7
485.57448453608254,4504.8
484.68024054982834,4486.3
483.7859965635739,4321.3
482.8917525773197,4340.3
481.9975085910653,4320.2
481.1032646048111,4271.4
480.2090206185567,4337.7
479.3147766323025,4234.6
478.42053264604806,4186.3
477.52628865979386,4189.1
476.63204467353967,4249.6
475.73780068728524,4108.1
474.84355670103105,4142.7
473.9493127147766,4052.6
473.05506872852243,4134.8
472.160824742268,4040.9
471.2665807560138,4051.8
470.3723367697596,4068.0
469.4780927835052,4014.3
468.583848797251,3980.2
467.68960481099657,3995.2
466.7953608247424,3980.4
465.90111683848795,3937.6
465.00687285223376,3957.5
464.11262886597933,3924.6
463.21838487972514,4022.7
462.32414089347094,3988.6
461.4298969072165,3926.4
460.5356529209623,3867.2
459.6414089347079,3915.9
458.7471649484537,3948.8
457.8529209621993,3884.8
456.9586769759451,3933.7
456.0644329896909,3871.6
455.17018900343646,3862.3
454.27594501718227,3861.0
453.38170103092784,3854.5
452.48745704467365,3878.0
451.5932130584192,3874.7
450.698969072165,3828.6
449.8047250859106,3841.5
448.9104810996564,3823.7
448.0162371134022,3825.0
447.1219931271478,3883.2
446.2277491408936,3825.0
445.33350515463917,3813.9
444.439261168385,3777.1
443.54501718213055,3859.4
442.65077319587635,3847.1
441.75652920962216,3892.2
440.86228522336773,3872.4
439.96804123711354,3861.8
439.0737972508591,3841.7
438.1795532646049,3830.7
437.2853092783505,3849.0
436.3910652920963,3876.8
435.4968213058419,3848.9
434.6025773195877,3818.3
433.7083333333335,3807.6
432.81408934707906,3803.2
431.91984536082487,3757.1
431.02560137457044,3760.9
430.13135738831625,3776.2
429.2371134020618,3834.0
428.3428694158076,3702.2
427.44862542955343,3757.5
426.554381443299,3793.4
425.6601374570448,3744.0
424.7658934707904,3705.5
423.8716494845362,3699.1
422.97740549828177,3824.5
422.0831615120276,3732.8
421.18891752577315,3717.0
420.29467353951895,3801.3
419.40042955326476,3740.9
418.50618556701033,3745.2
417.61194158075614,3741.7
416.7176975945017,3754.5
415.8234536082475,3730.3
414.9292096219931,3743.6
414.0349656357389,3759.1
413.1407216494847,3724.8
412.2464776632303,3697.3
411.3522336769761,3727.1
410.45798969072166,3707.3
409.56374570446746,3664.1
408.66950171821304,3662.4
407.77525773195885,3652.7
406.8810137457044,3733.4
405.9867697594502,3672.6
405.09252577319603,3641.0
404.1982817869416,3675.4
403.3040378006874,3743.3
402.409793814433,3658.6
401.5155498281788,3643.1
400.62130584192437,3667.1
399.7270618556702,3649.8
398.832817869416,3663.7
397.93857388316155,3705.5
397.04432989690736,3669.8
396.15008591065293,3642.4
395.25584192439874,3674.6
394.3615979381443,3662.2
393.4673539518901,3662.3
392.5731099656357,3665.4
391.6788659793815,3676.5
390.7846219931273,3706.2
389.8903780068729,3597.6
388.9961340206187,3646.0
388.10189003436426,3724.5
387.20764604811006,3673.6
386.31340206185564,3661.6
385.41915807560144,3679.1
384.524914089347,3675.0
383.6306701030928,3614.3
382.73642611683863,3642.5
381.8421821305842,3636.2
380.94793814433,3674.3
380.0536941580756,3684.5
379.1594501718214,3688.0
378.26520618556697,3670.5
377.37096219931277,3685.6
376.4767182130586,3691.5
375.58247422680415,3699.9
374.68823024054996,3678.7
373.79398625429553,3634.2
372.89974226804134,3710.4
372.0054982817869,3690.6
371.1112542955327,3728.2
370.2170103092783,3750.6
369.3227663230241,3682.1
368.4285223367699,3720.5
367.5342783505155,3689.8
366.6400343642613,3697.2
365.74579037800686,3725.5
364.85154639175266,3677.0
363.95730240549824,3735.6
363.06305841924404,3714.1
362.16881443298985,3682.1
361.2745704467354,3690.8
360.38032646048123,3718.9
359.4860824742268,3747.6
358.5918384879726,3748.5
357.6975945017182,3645.5
356.803350515464,3669.5
355.90910652920957,3647.0
355.01486254295537,3730.6
354.1206185567012,3712.9
353.22637457044675,3701.2
352.33213058419256,3695.4
351.43788659793813,3649.6
350.54364261168394,3710.2
349.6493986254295,3719.6
348.7551546391753,3728.8
347.8609106529211,3719.5
346.9666666666667,3688.4
346.0724226804125,3713.9
345.1781786941581,3683.0
344.2839347079039,3715.0
343.38969072164946,3756.6
342.49544673539526,3707.9
341.60120274914084,3761.9
340.70695876288664,3716.5
339.81271477663245,3698.6
338.918470790378,3680.7
338.0242268041238,3709.1
337.1299828178694,3742.8
336.2357388316152,3735.4
335.3414948453608,3751.6
334.4472508591066,3730.4
333.5530068728524,3676.1
332.65876288659797,3708.8
331.7645189003438,3717.5
330.87027491408935,3719.2
329.97603092783515,3721.3
329.08178694158073,3697.3
328.18754295532653,3725.7
327.2932989690721,3642.3
326.3990549828179,3703.2
325.5048109965637,3674.3
324.6105670103093,3716.2
323.7163230240551,3681.1
322.8220790378007,3619.0
321.9278350515465,3702.3
321.03359106529206,3642.6
320.13934707903786,3631.8
319.24510309278367,3595.7
318.35085910652924,3529.1
317.45661512027505,3513.3
316.5623711340206,3532.6
315.6681271477664,3534.5
314.773883161512,3459.8
313.8796391752578,3484.6
312.9853951890034,3474.9
312.0911512027492,3454.9
311.196907216495,3411.9
310.30266323024057,3383.2
309.4084192439864,3385.0
308.51417525773195,3356.7
307.61993127147775,3354.0
306.72568728522333,3358.1
305.83144329896913,3307.6
304.93719931271494,3307.5
304.0429553264605,3318.7
303.1487113402063,3285.5
302.2544673539519,3284.5
301.3602233676977,3293.0
300.4659793814433,3296.0
299.5717353951891,3284.8
298.67749140893466,3292.6
297.78324742268046,3257.3
296.88900343642626,3245.3
295.99475945017184,3250.6
295.10051546391765,3251.8
294.2062714776632,3257.4
293.312027491409,3258.5
292.4177835051546,3263.1
291.5235395189004,3250.9
290.6292955326462,3246.3
289.7350515463918,3231.5
288.8408075601376,3230.8
287.94656357388317,3243.1
287.052319587629,3240.5
286.15807560137455,3223.4
285.26383161512035,3225.4
284.36958762886593,3229.8
283.47534364261173,3244.7
282.58109965635754,3229.2
281.6868556701031,3243.4
280.7926116838489,3245.6
279.8983676975945,3218.5
279.0041237113403,3211.0
278.1098797250859,3239.9
277.2156357388317,3230.2
276.3213917525775,3237.0
275.42714776632306,3225.8
274.53290378006886,3230.5
273.63865979381444,3226.2
272.74441580756024,3225.5
271.8501718213058,3226.6
270.9559278350516,3218.2
270.0616838487972,3219.4
269.167439862543,3210.2
268.2731958762888,3229.1
267.3789518900344,3215.8
266.4847079037802,3232.4
265.59046391752577,3212.3
264.69621993127157,3228.9
263.80197594501715,3225.8
262.90773195876295,3235.5
262.0134879725085,3196.5
261.11924398625433,3216.2
260.22500000000014,3213.2
259.3307560137457,3216.3
258.4365120274915,3217.2
257.5422680412371,3213.9
256.6480240549829,3220.7
255.75378006872847,3214.5
254.85953608247428,3206.6
253.96529209622008,3198.2
253.07104810996566,3205.7
252.17680412371146,3207.4
251.28256013745704,3223.9
250.38831615120284,3196.8
249.49407216494842,3214.7
248.59982817869422,3203.3
247.7055841924398,3207.7
246.8113402061856,3216.9
245.9170962199314,3185.2
245.02285223367699,3206.5
244.1286082474228,3209.4
243.23436426116837,3211.3
242.34012027491417,3201.5
241.44587628865975,3197.6
240.55163230240555,3205.8
239.65738831615135,3204.6
238.76314432989693,3207.1
237.86890034364274,3197.6
236.9746563573883,3204.2
236.08041237113412,3213.0
235.1861683848797,3213.2
234.2919243986255,3202.1
233.39768041237107,3194.4
232.50343642611688,3204.3
231.60919243986268,3217.6
230.71494845360826,3197.6
229.82070446735406,3203.7
228.92646048109964,3196.0
228.03221649484544,3214.1
227.13797250859102,3203.9
226.24372852233682,3200.5
225.34948453608263,3209.7
224.4552405498282,3205.1
223.560996563574,3192.0
222.66675257731958,3208.4
221.7725085910654,3204.3
220.87826460481097,3205.3
219.98402061855677,3213.6
219.08977663230235,3212.2
218.19553264604815,3208.3
217.30128865979395,3201.0
216.40704467353953,3195.9
215.51280068728533,3205.6
214.6185567010309,3210.5
213.72431271477672,3196.8
212.8300687285223,3205.5
211.9358247422681,3201.1
211.0415807560139,3200.0
210.14733676975948,3194.5
209.25309278350528,3211.3
208.35884879725086,3204.3
207.46460481099666,3194.8
206.57036082474224,3210.4
205.67611683848804,3194.2
204.78187285223362,3208.0
203.88762886597942,3195.6
202.99338487972523,3201.5
202.0991408934708,3186.9
201.2048969072166,3197.7
200.31065292096218,3192.1
199.416408934708,3206.1
198.52216494845356,3204.7
197.62792096219937,3194.0
196.73367697594517,3214.0
195.83943298969075,3211.6
194.94518900343655,3214.0
194.05094501718213,3198.8
193.15670103092793,3193.2
192.2624570446735,3197.7
191.36821305841931,3188.7
190.4739690721649,3195.4
189.5797250859107,3198.7
188.6854810996565,3203.2
187.79123711340208,3189.6
186.89699312714788,3206.8
186.00274914089346,3209.8
185.10850515463926,3204.9
184.21426116838484,3197.5
183.32001718213064,3198.8
182.42577319587645,3204.3
181.53152920962202,3201.2
180.63728522336783,3205.5
179.7430412371134,3200.0
178.8487972508592,3200.7
177.95455326460478,3199.4
177.0603092783506,3194.2
176.16606529209616,3207.5
175.27182130584197,3193.4
174.37757731958777,3181.5
173.48333333333335,3203.0
172.58908934707915,3197.1
171.69484536082473,3203.3
170.80060137457053,3199.8
169.9063573883161,3198.0
169.0121134020619,3189.3
168.11786941580772,3197.6
167.2236254295533,3197.5
166.3293814432991,3187.5
165.43513745704468,3188.8
164.54089347079048,3209.5
163.64664948453606,3201.0
162.75240549828186,3188.4
161.85816151202744,3198.6
160.96391752577324,3197.2
160.06967353951904,3205.9
159.17542955326462,3207.7
158.28118556701043,3205.7
157.386941580756,3212.9
156.4926975945018,3204.6
155.59845360824738,3195.7
154.7042096219932,3199.8
153.80996563573876,3207.4
152.91572164948457,3201.4
152.02147766323037,3202.6
151.12723367697595,3213.8
150.23298969072175,3207.3
149.33874570446733,3200.6
148.44450171821313,3196.4
147.5502577319587,3199.2
146.6560137457045,3205.8
145.76176975945032,3215.2
144.8675257731959,3195.7
143.9732817869417,3202.9
143.07903780068727,3193.6
142.18479381443308,3201.7
141.29054982817865,3212.7
140.39630584192446,3213.5
139.50206185567004,3206.1
138.60781786941584,3201.7
137.71357388316164,3193.2
136.81932989690722,3207.6
135.92508591065302,3196.6
135.0308419243986,3189.8
134.1365979381444,3202.9
133.24235395188998,3212.3
132.34810996563579,3198.6
131.4538659793816,3204.2
130.55962199312717,3195.9
129.66537800687297,3204.5
128.77113402061855,3200.9
127.87689003436435,3197.3
126.98264604810993,3202.9
126.08840206185573,3206.9
125.19415807560131,3187.4
124.29991408934711,3210.4
123.40567010309292,3212.1
122.51142611683849,3210.1
121.6171821305843,3201.9
120.72293814432987,3193.8
119.82869415807568,3202.9
118.93445017182125,3211.1
118.04020618556706,3189.1
117.14596219931286,3196.4
116.25171821305844,3191.1
115.35747422680424,3198.9
114.46323024054982,3209.3
113.56898625429562,3199.5
112.6747422680412,3200.8
111.780498281787,3195.6
110.88625429553258,3209.1
109.99201030927838,3205.3
109.09776632302419,3207.3
108.20352233676977,3210.5
107.30927835051557,3198.7
106.41503436426115,3204.3
105.52079037800695,3202.8
104.62654639175253,3198.5
103.73230240549833,3199.5
102.83805841924413,3188.5
101.94381443298971,3201.6
101.04957044673552,3187.2
100.15532646048109,3211.9
99.2610824742269,3200.2
98.36683848797247,3192.4
97.47259450171828,3200.6
96.57835051546385,3191.7
95.68410652920966,3201.4
94.78986254295546,3200.0
93.89561855670104,3208.4
93.00137457044684,3203.8
92.10713058419242,3201.5
91.21288659793822,3196.9
90.3186426116838,3193.9
89.4243986254296,3197.8
88.53015463917541,3208.8
87.63591065292098,3191.7
86.74166666666679,3201.9
85.84742268041236,3203.1
84.95317869415817,3197.0
84.05893470790375,3207.8
83.16469072164955,3211.6
82.27044673539513,3194.3
81.37620274914093,3212.2
80.48195876288673,3191.2
79.58771477663231,3204.1
78.69347079037811,3202.6
77.79922680412369,3210.2
76.9049828178695,3199.6
76.01073883161507,3201.4
75.11649484536088,3211.9
74.22225085910668,3192.8
73.32800687285226,3212.5
72.43376288659806,3201.4
71.53951890034364,3209.4
70.64527491408944,3199.1
69.75103092783502,3196.3
68.85678694158082,3192.1
67.9625429553264,3196.4
67.0682989690722,3199.5
66.174054982818,3187.9
65.27981099656358,3190.2
64.38556701030939,3185.9
63.491323024054964,3206.0
62.59707903780077,3205.5
61.702835051546344,3197.7
60.80859106529215,3202.0
59.91434707903795,3199.4
59.02010309278353,3198.2
58.12585910652933,3198.1
57.23161512027491,3203.1
56.337371134020714,3204.2
55.44312714776629,3205.8
54.548883161512094,3207.7
53.65463917525767,3197.5
52.760395189003475,3189.1
51.86615120274928,3200.0
50.971907216494856,3197.2
50.07766323024066,3203.0
49.183419243986236,3188.7
48.28917525773204,3204.5
47.39493127147762,3206.3
46.50068728522342,3211.3
45.606443298969,3189.6
44.7121993127148,3202.8
43.817955326460606,3199.7
42.92371134020618,3199.4
42.029467353951986,3191.0
41.13522336769756,3208.9
40.24097938144337,3216.6
39.346735395188944,3195.0
38.45249140893475,3204.1
37.55824742268055,3210.2
36.66400343642613,3194.5
35.76975945017193,3203.1
34.87551546391751,3210.8
33.98127147766331,3189.4
33.08702749140889,3202.1
32.192783505154694,3206.8
31.29853951890027,3200.5
30.404295532646074,3202.7
29.510051546391878,3202.8
28.615807560137455,3196.1
27.72156357388326,3213.8
26.827319587628836,3205.0
25.93307560137464,3188.7
25.038831615120216,3194.8
24.14458762886602,3199.5
23.250343642611824,3197.5
22.3560996563574,3191.9
21.461855670103205,3196.6
20.56761168384878,3203.0
19.673367697594585,3211.2
18.779123711340162,3189.9
17.884879725085966,3189.8
16.990635738831543,3195.9
16.096391752577347,3206.8
15.20214776632315,3205.8
14.307903780068727,3208.2
13.413659793814531,3213.0
12.519415807560108,3201.4
11.625171821305912,3205.3
10.730927835051489,3199.9
9.836683848797293,3190.3
8.942439862543097,3202.3
8.048195876288673,3196.4
7.153951890034477,3199.8
6.259707903780054,3203.7
5.365463917525858,3204.7
4.471219931271435,3192.4
3.5769759450172387,3200.9
2.6827319587628153,3198.4
1.7884879725086194,3202.4
0.8942439862544234,3200.3
0.0,3201.4
-0.894243986254196,3209.6
-1.7884879725086194,3197.5
-2.6827319587628153,3201.3
-3.5769759450172387,3204.4
-4.471219931271435,3192.6
-5.365463917525631,3200.6
-6.259707903780054,3212.2
-7.15395189003425,3191.3
-8.048195876288673,3199.5
-8.94243986254287,3199.7
-9.836683848797293,3205.0
-10.730927835051489,3213.1
-11.625171821305912,3207.9
-12.519415807560108,3200.0
-13.413659793814304,3194.6
-14.307903780068727,3194.2
-15.202147766322923,3206.7
-16.096391752577347,3204.6
-16.990635738831543,3195.7
-17.884879725085966,3194.3
-18.779123711340162,3196.2
-19.673367697594358,3204.4
-20.56761168384878,3203.5
-21.461855670102977,3200.5
-22.3560996563574,3195.4
-23.250343642611597,3201.6
-24.14458762886602,3196.9
-25.038831615120216,3210.7
-25.93307560137464,3213.1
-26.827319587628836,3208.7
-27.72156357388303,3200.7
-28.615807560137455,3201.6
-29.51005154639165,3201.7
-30.404295532646074,3201.9
-31.29853951890027,3202.6
-32.192783505154694,3205.4
-33.08702749140889,3198.5
-33.981271477663086,3199.8
-34.87551546391751,3196.4
-35.769759450171705,3194.9
-36.66400343642613,3206.3
-37.558247422680324,3193.8
-38.45249140893475,3200.0
-39.346735395188944,3194.2
-40.24097938144337,3206.2
-41.13522336769756,3207.4
-42.02946735395176,3204.7
-42.92371134020618,3201.4
-43.81795532646038,3209.2
-44.7121993127148,3203.1
-45.606443298969,3203.6
-46.50068728522342,3187.3
-47.39493127147762,3202.2
-48.28917525773181,3207.8
-49.183419243986236,3218.4
-50.07766323024043,3201.1
-50.971907216494856,3196.2
-51.86615120274905,3196.7
-52.760395189003475,3203.1
-53.65463917525767,3200.3
-54.548883161512094,3206.5
-55.44312714776629,3193.8
-56.337371134020486,3199.2
-57.23161512027491,3209.1
-58.12585910652933,3195.8
-59.0201030927833,3204.7
-59.914347079037725,3199.1
-60.80859106529215,3202.2
-61.70283505154657,3206.4
-62.59707903780054,3205.8
-63.491323024054964,3198.7
-64.38556701030939,3203.6
-65.27981099656336,3209.9
-66.17405498281778,3204.0
-67.0682989690722,3193.3
-67.96254295532663,3187.3
-68.8567869415806,3195.5
-69.75103092783502,3198.6
-70.64527491408944,3202.5
-71.53951890034341,3214.5
-72.43376288659783,3191.2
-73.32800687285226,3208.7
-74.22225085910668,3190.5
-75.11649484536065,3200.0
-76.01073883161507,3199.4
-76.9049828178695,3196.7
-77.79922680412346,3203.8
-78.69347079037789,3206.4
-79.58771477663231,3199.9
-80.48195876288673,3197.2
-81.3762027491407,3200.2
-82.27044673539513,3186.4
-83.16469072164955,3199.5
-84.05893470790397,3208.2
-84.95317869415794,3204.7
-85.84742268041236,3200.1
-86.74166666666679,3208.9
-87.63591065292076,3196.5
-88.53015463917518,3199.1
-89.4243986254296,3190.1
-90.31864261168403,3191.1
-91.212886597938,3199.1
-92.10713058419242,3207.1
-93.00137457044684,3197.7
-93.89561855670081,3196.9
-94.78986254295523,3208.5
-95.68410652920966,3204.0
-96.57835051546408,3201.5
-97.47259450171805,3193.2
-98.36683848797247,3200.1
-99.2610824742269,3202.5
-100.15532646048086,3198.2
-101.04957044673529,3197.5
-101.94381443298971,3200.3
-102.83805841924413,3199.0
-103.7323024054981,3190.5
-104.62654639175253,3202.6
-105.52079037800695,3201.0
-106.41503436426092,3206.8
-107.30927835051534,3199.5
-108.20352233676977,3203.5
-109.09776632302419,3188.8
-109.99201030927816,3193.9
-110.88625429553258,3201.1
-111.780498281787,3197.3
-112.67474226804143,3201.3
-113.5689862542954,3197.6
-114.46323024054982,3195.1
-115.35747422680424,3201.0
-116.25171821305821,3198.3
-117.14596219931263,3210.2
-118.04020618556706,3209.0
-118.93445017182148,3201.1
-119.82869415807545,3215.3
-120.72293814432987,3204.0
-121.6171821305843,3191.4
-122.51142611683827,3211.7
-123.40567010309269,3202.3
-124.29991408934711,3209.2
-125.19415807560154,3187.6
-126.0884020618555,3188.1
-126.98264604810993,3199.1
-127.87689003436435,3198.1
-128.77113402061832,3195.6
-129.66537800687274,3212.1
-130.55962199312717,3212.3
-131.4538659793816,3196.1
-132.34810996563556,3207.2
-133.24235395188998,3202.0
-134.1365979381444,3199.1
-135.03084192439837,3208.7
-135.9250859106528,3188.4
-136.81932989690722,3198.4
-137.71357388316164,3198.1
-138.6078178694156,3190.2
-139.50206185567004,3205.3
-140.39630584192446,3189.0
-141.29054982817888,3196.3
-142.18479381443285,3196.9
-143.07903780068727,3200.5
-143.9732817869417,3203.0
-144.86752577319567,3179.8
-145.7617697594501,3200.6
-146.6560137457045,3199.6
-147.55025773195894,3208.0
-148.4445017182129,3189.3
-149.33874570446733,3190.7
-150.23298969072175,3203.2
-151.12723367697572,3210.5
-152.02147766323014,3192.8
-152.91572164948457,3196.1
-153.809965635739,3198.5
-154.70420962199296,3194.5
-155.59845360824738,3191.6
-156.4926975945018,3199.0
-157.38694158075577,3203.7
-158.2811855670102,3203.6
-159.17542955326462,3202.2
-160.06967353951904,3203.7
-160.963917525773,3199.1
-161.85816151202744,3192.6
-162.75240549828186,3186.9
-163.64664948453583,3198.6
-164.54089347079025,3197.3
-165.43513745704468,3203.5
-166.3293814432991,3213.3
-167.22362542955307,3200.9
-168.1178694158075,3188.4
-169.0121134020619,3197.1
-169.90635738831634,3188.5
-170.8006013745703,3195.1
-171.69484536082473,3186.4
-172.58908934707915,3207.9
-173.48333333333312,3195.8
-174.37757731958754,3199.1
-175.27182130584197,3203.4
-176.1660652920964,3192.8
-177.06030927835036,3194.9
-177.95455326460478,3195.2
-178.8487972508592,3181.2
-179.74304123711318,3209.3
-180.6372852233676,3184.7
-181.53152920962202,3190.2
-182.42577319587645,3198.7
-183.3200171821304,3202.2
-184.21426116838484,3190.6
-185.10850515463926,3200.4
-186.00274914089323,3202.0
-186.89699312714765,3209.9
-187.79123711340208,3201.1
-188.6854810996565,3201.3
-189.57972508591047,3211.7
-190.4739690721649,3206.7
-191.36821305841931,3193.3
-192.26245704467374,3201.5
-193.1567010309277,3196.6
-194.05094501718213,3191.4
-194.94518900343655,3190.0
-195.83943298969052,3192.3
-196.73367697594495,3179.2
-197.62792096219937,3197.6
-198.5221649484538,3201.8
-199.41640893470776,3199.1
-200.31065292096218,3199.8
-201.2048969072166,3205.8
-202.09914089347058,3200.3
-202.993384879725,3187.2
-203.88762886597942,3210.1
-204.78187285223385,3196.2
-205.67611683848781,3195.2
-206.57036082474224,3198.3
-207.46460481099666,3199.3
-208.35884879725063,3188.3
-209.25309278350505,3210.0
-210.14733676975948,3186.7
-211.0415807560139,3201.3
-211.93582474226787,3196.1
-212.8300687285223,3197.8
-213.72431271477672,3199.7
-214.61855670103068,3206.5
-215.5128006872851,3205.3
-216.40704467353953,3200.1
-217.30128865979395,3210.1
-218.19553264604792,3201.7
-219.08977663230235,3196.2
-219.98402061855677,3199.4
-220.8782646048112,3204.3
-221.77250859106516,3203.5
-222.66675257731958,3198.9
-223.560996563574,3202.7
-224.45524054982798,3182.9
-225.3494845360824,3203.8
-226.24372852233682,3205.1
-227.13797250859125,3195.1
-228.03221649484522,3196.0
-228.92646048109964,3206.9
-229.82070446735406,3205.7
-230.71494845360803,3212.6
-231.60919243986245,3193.1
-232.50343642611688,3189.7
-233.3976804123713,3203.2
-234.29192439862527,3179.6
-235.1861683848797,3216.1
-236.08041237113412,3196.3
-236.97465635738808,3193.4
-237.8689003436425,3195.3
-238.76314432989693,3201.8
-239.65738831615135,3201.2
-240.55163230240532,3187.9
-241.44587628865975,3207.1
-242.34012027491417,3203.9
-243.23436426116814,3206.7
-244.12860824742256,3208.4
-245.02285223367699,3197.5
-245.9170962199314,3196.2
-246.81134020618538,3212.1
-247.7055841924398,3197.3
-248.59982817869422,3199.7
-249.49407216494865,3205.4
-250.38831615120262,3196.0
-251.28256013745704,3198.0
-252.17680412371146,3181.6
-253.07104810996543,3193.6
-253.96529209621986,3202.8
-254.85953608247428,3204.4
-255.7537800687287,3200.6
-256.64802405498267,3198.0
-257.5422680412371,3204.4
-258.4365120274915,3204.0
-259.3307560137455,3202.6
-260.2249999999999,3207.2
-261.11924398625433,3206.5
-262.01348797250876,3208.7
-262.9077319587627,3194.2
-263.80197594501715,3201.5
-264.69621993127157,3205.0
-265.59046391752554,3205.9
-266.48470790377996,3203.4
-267.3789518900344,3193.9
-268.2731958762888,3196.0
-269.1674398625428,3199.4
-270.0616838487972,3202.0
-270.9559278350516,3206.6
-271.8501718213056,3205.0
-272.74441580756,3190.9
-273.63865979381444,3185.8
-274.53290378006886,3189.0
-275.42714776632283,3201.4
-276.32139175257726,3213.2
-277.2156357388317,3212.9
-278.1098797250861,3204.8
-279.00412371134007,3202.7
-279.8983676975945,3197.6
-280.7926116838489,3208.1
-281.6868556701029,3189.0
-282.5810996563573,3215.2
-283.47534364261173,3204.8
-284.36958762886616,3203.3
-285.2638316151201,3199.8
-286.15807560137455,3207.1
-287.052319587629,3186.4
-287.94656357388294,3202.3
-288.84080756013736,3203.4
-289.7350515463918,3193.6
-290.6292955326462,3206.2
-291.5235395189002,3200.5
-292.4177835051546,3195.9
-293.312027491409,3206.9
-294.206271477663,3213.5
-295.1005154639174,3192.2
-295.99475945017184,3198.6
-296.88900343642626,3203.2
-297.78324742268023,3197.0
-298.67749140893466,3206.5
-299.5717353951891,3206.5
-300.4659793814435,3198.7
-301.3602233676975,3199.7
-302.2544673539519,3187.0
-303.1487113402063,3200.1
-304.0429553264603,3200.0
-304.9371993127147,3197.2
-305.83144329896913,3209.7
-306.72568728522356,3196.8
-307.6199312714775,3203.0
-308.51417525773195,3202.8
-309.4084192439864,3203.4
-310.30266323024034,3202.7
-311.19690721649476,3201.5
-312.0911512027492,3200.5
-312.9853951890036,3200.8
-313.8796391752576,3205.3
-314.773883161512,3201.4
-315.6681271477664,3207.5
-316.5623711340204,3212.5
-317.4566151202748,3198.5
-318.35085910652924,3206.1
-319.24510309278367,3202.5
-320.13934707903763,3183.8
-321.03359106529206,3207.5
-321.9278350515465,3202.8
-322.82207903780045,3210.8
-323.7163230240549,3198.7
-324.6105670103093,3205.9
-325.5048109965637,3221.8
-326.3990549828177,3199.1
-327.2932989690721,3200.6
-328.18754295532653,3211.1
-329.08178694158096,3201.2
-329.9760309278349,3197.5
-330.87027491408935,3215.8
-331.7645189003438,3210.1
-332.65876288659774,3212.3
-333.55300687285217,3212.3
-334.4472508591066,3218.0
-335.341494845361,3209.6
-336.235738831615,3209.5
-337.1299828178694,3217.5
-338.0242268041238,3213.3
-338.9184707903778,3211.8
-339.8127147766322,3222.7
-340.70695876288664,3244.0
-341.60120274914107,3231.1
-342.49544673539503,3217.8
-343.38969072164946,3236.2
-344.2839347079039,3237.0
-345.17817869415785,3233.1
-346.0724226804123,3239.0
-346.9666666666667,3262.9
-347.8609106529211,3253.9
-348.7551546391751,3249.2
-349.6493986254295,3261.0
-350.54364261168394,3270.8
-351.4378865979379,3262.5
-352.3321305841923,3259.3
-353.22637457044675,3263.1
-354.1206185567012,3257.3
-355.01486254295514,3253.9
-355.90910652920957,3291.3
-356.803350515464,3300.9
-357.6975945017184,3296.2
-358.5918384879724,3299.7
-359.4860824742268,3267.7
-360.38032646048123,3305.5
-361.2745704467352,3323.3
-362.1688144329896,3300.6
-363.06305841924404,3307.2
-363.95730240549847,3288.2
-364.85154639175244,3318.9
-365.74579037800686,3336.1
-366.6400343642613,3290.0
-367.53427835051525,3312.7
-368.4285223367697,3293.5
-369.3227663230241,3313.8
-370.2170103092785,3306.3
-371.1112542955325,3321.7
-372.0054982817869,3327.8
-372.89974226804134,3295.4
-373.7939862542953,3344.6
-374.68823024054973,3299.4
-375.58247422680415,3302.8
-376.4767182130586,3309.2
-377.37096219931254,3314.4
-378.26520618556697,3330.5
-379.1594501718214,3331.3
-380.05369415807536,3311.5
-380.9479381443298,3327.5
-381.8421821305842,3365.0
-382.73642611683863,3316.6
-383.6306701030926,3348.5
-384.524914089347,3297.6
-385.41915807560144,3341.2
-386.31340206185587,3328.7
-387.20764604810984,3327.0
-388.10189003436426,3337.5
-388.9961340206187,3309.3
-389.89037800687265,3320.6
-390.7846219931271,3329.2
-391.6788659793815,3314.5
-392.5731099656359,3293.7
-393.4673539518899,3318.4
-394.3615979381443,3318.7
-395.25584192439874,3345.6
-396.1500859106527,3303.5
-397.04432989690713,3324.9
-397.93857388316155,3316.5
-398.832817869416,3325.0
-399.72706185566994,3306.5
-400.62130584192437,3302.3
-401.5155498281788,3319.2
-402.40979381443276,3328.9
-403.3040378006872,3297.8
-404.1982817869416,3328.1
-405.09252577319603,3303.3
-405.98676975945,3340.2
-406.8810137457044,3332.5
-407.77525773195885,3309.9
-408.6695017182128,3304.0
-409.56374570446724,3320.6
-410.45798969072166,3299.2
-411.3522336769761,3297.9
-412.24647766323005,3312.0
-413.1407216494845,3319.3
-414.0349656357389,3327.6
-414.9292096219933,3302.9
-415.8234536082473,3297.5
-416.7176975945017,3339.7
-417.61194158075614,3312.4
-418.5061855670101,3304.3
-419.40042955326453,3320.0
-420.29467353951895,3320.2
-421.1889175257734,3326.4
-422.08316151202735,3304.1
-422.97740549828177,3350.9
-423.8716494845362,3318.4
-424.76589347079016,3352.5
-425.6601374570446,3326.4
-426.554381443299,3364.9
-427.44862542955343,3338.9
-428.3428694158074,3302.8
-429.2371134020618,3320.2
-430.13135738831625,3300.3
-431.0256013745702,3319.9
-431.91984536082464,3322.3
-432.81408934707906,3318.5
-433.7083333333335,3305.8
-434.60257731958745,3311.9
-435.4968213058419,3317.8
-436.3910652920963,3326.0
-437.2853092783507,3295.3
-438.1795532646047,3303.0
-439.0737972508591,3323.0
-439.96804123711354,3296.5
-440.8622852233675,3304.8
-441.75652920962193,3323.8
-442.65077319587635,3299.9
-443.5450171821308,3297.3
-444.43926116838475,3316.4
-445.33350515463917,3294.4
-446.2277491408936,3311.1
-447.12199312714756,3301.8
-448.016237113402,3308.0
-448.9104810996564,3319.5
-449.80472508591083,3273.9
-450.6989690721648,3289.5
-451.5932130584192,3312.5
-452.48745704467365,3306.4
-453.3817010309276,3293.9
-454.27594501718204,3275.9
-455.17018900343646,3303.9
-456.0644329896909,3306.4
-456.95867697594485,3306.0
-457.8529209621993,3288.4
-458.7471649484537,3307.4
-459.64140893470767,3253.3
-460.5356529209621,3297.3
-461.4298969072165,3310.0
-462.32414089347094,3278.0
-463.2183848797249,3291.9
-464.11262886597933,3307.7
-465.00687285223376,3299.8
-465.9011168384882,3269.4
-466.79536082474215,3289.4
-467.68960481099657,3299.5
-468.583848797251,3284.8
-469.47809278350496,3275.3
-470.3723367697594,3294.8
-471.2665807560138,3304.4
-472.16082474226823,3293.2
-473.0550687285222,3295.5
-473.9493127147766,3296.9
-474.84355670103105,3300.0
-475.737800687285,3278.9
-476.63204467353944,3298.6
-477.52628865979386,3283.8
-478.4205326460483,3297.9
-479.31477663230226,3293.7
-480.2090206185567,3285.5
-481.1032646048111,3297.1
-481.99750859106507,3316.6
-482.8917525773195,3311.4
-483.7859965635739,3312.4
-484.68024054982834,3307.1
-485.5744845360823,3315.4
-486.46872852233673,3309.8
-487.36297250859116,3359.3
-488.2572164948451,3332.1
-489.15146048109955,3334.0
-490.04570446735397,3395.0
-490.9399484536084,3328.2
-491.83419243986236,3370.8
-492.7284364261168,3337.4
-493.6226804123712,3340.1
-494.51692439862563,3375.6
-495.4111683848796,3378.6
-496.305412371134,3351.9
-497.19965635738845,3407.9
-498.0939003436424,3391.0
-498.98814432989684,3371.8
-499.88238831615126,3432.5
-500.7766323024057,3422.8
-501.67087628865966,3385.0
-502.5651202749141,3463.7
-503.4593642611685,3511.7
-504.35360824742247,3449.4
-505.2478522336769,3506.3
-506.1420962199313,3527.9
-507.03634020618574,3581.1
-507.9305841924397,3671.3
-508.82482817869413,3712.4
-509.71907216494856,3760.9
-510.6133161512025,3772.7
-511.50756013745695,3947.4
-512.4018041237114,4097.9
-513.2960481099658,4297.0
-514.1902920962198,4354.2
-515.0845360824742,4546.2
-515.9787800687286,4809.3
-516.8730240549826,4833.3
-517.767268041237,5019.3
-518.6615120274914,5121.0
-519.5557560137458,5178.4
-520.4499999999998,5291.4
-521.3442439862542,5148.0
-522.2384879725087,5049.1
-523.1327319587631,5167.7
-524.026975945017,4821.2
-524.9212199312715,4749.4
-525.8154639175259,4640.3
-526.7097079037799,4559.5
-527.6039518900343,4395.2
-528.4981958762887,4316.0
-529.3924398625431,4113.4
-530.2866838487971,4091.2
-531.1809278350515,3935.0
-532.075171821306,3866.5
-532.9694158075599,3845.0
-533.8636597938143,3825.1
-534.7579037800688,3762.9
-535.6521477663232,3730.8
-536.5463917525772,3725.0
-537.4406357388316,3624.2
-538.334879725086,3603.2
-539.22912371134,3613.0
-540.1233676975944,3609.4
-541.0176116838488,3583.6
-541.9118556701033,3617.1
-542.8060996563572,3559.1
-543.7003436426116,3576.3
-544.5945876288661,3553.2
-545.4888316151205,3536.3
-546.3830756013745,3551.0
-547.2773195876289,3554.8
-548.1715635738833,3515.4
-549.0658075601373,3522.8
-549.9600515463917,3506.9
-550.8542955326461,3513.6
-551.7485395189005,3585.5
-552.6427835051545,3532.4
-553.5370274914089,3534.6
-554.4312714776634,3555.8
-555.3255154639173,3568.1
-556.2197594501718,3580.7
-557.1140034364262,3610.5
-558.0082474226806,3594.6
-558.9024914089346,3745.6
-559.796735395189,3781.4
-560.6909793814434,3897.8
-561.5852233676974,3931.8
-562.4794673539518,4045.9
-563.3737113402062,4129.0
-564.2679553264607,4239.9
-565.1621993127146,4391.6
-566.056443298969,4385.6
-566.9506872852235,4418.8
-567.8449312714774,4453.2
-568.7391752577319,4284.2
-569.6334192439863,4174.9
-570.5276632302407,4161.9
-571.4219072164947,3939.0
-572.3161512027491,3818.9
-573.2103951890035,3738.8
-574.104639175258,3694.8
-574.9988831615119,3575.7
-575.8931271477663,3540.7
-576.7873711340208,3515.2
-577.6816151202747,3502.2
-578.5758591065292,3476.2
-579.4701030927836,3435.8
-580.364347079038,3426.7
-581.258591065292,3414.9
-582.1528350515464,3419.4
-583.0470790378008,3366.0
-583.9413230240548,3445.0
-584.8355670103092,3360.2
-585.7298109965636,3385.8
-586.624054982818,3363.2
-587.518298969072,3341.3
-588.4125429553264,3393.2
-589.3067869415809,3354.6
-590.2010309278348,3370.4
-591.0952749140893,3351.5
-591.9895189003437,3359.0
-592.8837628865981,3353.9
-593.7780068728521,3329.3
-594.6722508591065,3348.5
-595.5664948453609,3336.9
-596.4607388316149,3337.8
-597.3549828178693,3342.0
-598.2492268041237,3334.0
-599.1434707903782,3316.2
-600.0377147766321,3319.8
-600.9319587628866,3306.9
-601.826202749141,3309.2
-602.7204467353954,3325.7
-603.6146907216494,3333.5
-604.5089347079038,3320.2
-605.4031786941582,3315.6
-606.2974226804122,3302.3
-607.1916666666666,3317.1
-608.085910652921,3302.7
-608.9801546391755,3299.4
-609.8743986254294,3310.1
-610.7686426116838,3305.3
-611.6628865979383,3279.3
-612.5571305841922,3281.8
-613.4513745704467,3295.0
-614.3456185567011,3289.3
-615.2398625429555,3287.1
-616.1341065292095,3283.9
-617.0283505154639,3272.0
-617.9225945017183,3309.2
-618.8168384879723,3299.2
-619.7110824742267,3316.5
-620.6053264604811,3269.6
-621.4995704467356,3280.2
-622.3938144329895,3273.9
-623.288058419244,3287.8
-624.1823024054984,3256.8
-625.0765463917523,3279.2
-625.9707903780068,3275.6
-626.8650343642612,3300.0
-627.7592783505156,3278.2
-628.6535223367696,3272.0
-629.547766323024,3286.5
-630.4420103092784,3272.9
-631.3362542955329,3270.4
-632.2304982817868,3282.2
-633.1247422680412,3300.0
-634.0189862542957,3281.1
-634.9132302405496,3265.9
-635.8074742268041,3296.3
-636.7017182130585,3283.7
-637.5959621993129,3270.3
-638.4902061855669,3267.7
-639.3844501718213,3282.3
-640.2786941580757,3280.5
-641.1729381443297,3285.1
-642.0671821305841,3279.4
-642.9614261168385,3299.1
-643.855670103093,3300.0
-644.7499140893469,3289.7
-645.6441580756014,3307.1
-646.5384020618558,3271.5
-647.4326460481097,3277.3
-648.3268900343642,3262.1
-649.2211340206186,3287.4
-650.115378006873,3286.7
-651.009621993127,3257.8
-651.9038659793814,3272.4
-652.7981099656358,3283.8
-653.6923539518903,3264.6
-654.5865979381442,3294.2
-655.4808419243986,3270.5
-656.3750859106531,3284.4
-657.269329896907,3274.6
-658.1635738831615,3283.2
-659.0578178694159,3285.6
-659.9520618556703,3244.4
-660.8463058419243,3275.4
-661.7405498281787,3254.0
-662.6347938144331,3269.2
-663.5290378006871,3239.7
-664.4232817869415,3247.9
-665.3175257731959,3280.9
-666.2117697594504,3252.3
-667.1060137457043,3271.5
-668.0002577319588,3275.3
-668.8945017182132,3293.6
-669.7887457044671,3253.8
-670.6829896907216,3269.1
-671.577233676976,3247.1
-672.4714776632304,3253.8
-673.3657216494844,3253.4
-674.2599656357388,3266.7
-675.1542096219932,3276.5
-676.0484536082472,3248.7
-676.9426975945016,3251.0
-677.836941580756,3266.5
-678.7311855670105,3281.0
-679.6254295532644,3271.5
-680.5196735395189,3261.0
-681.4139175257733,3257.5
-682.3081615120277,3255.6
-683.2024054982817,3257.2
-684.0966494845361,3266.5
-684.9908934707905,3268.4
-685.8851374570445,3273.5
-686.7793814432989,3253.9
-687.6736254295533,3252.3
-688.5678694158078,3244.0
-689.4621134020617,3261.1
-690.3563573883162,3255.9
-691.2506013745706,3272.1
-692.1448453608245,3276.8
-693.039089347079,3246.1
-693.9333333333334,3285.0
-694.8275773195878,3278.6
-695.7218213058418,3258.0
-696.6160652920962,3244.1
-697.5103092783506,3269.6
-698.4045532646046,3262.6
-699.298797250859,3268.5
-700.1930412371134,3271.0
-701.0872852233679,3275.8
-701.9815292096218,3257.5
-702.8757731958763,3265.6
-703.7700171821307,3283.1
-704.6642611683847,3272.0
-705.5585051546391,3242.0
-706.4527491408935,3275.6
-707.3469931271479,3261.4
-708.2412371134019,3256.6
-709.1354810996563,3280.0
-710.0297250859107,3282.8
-710.9239690721652,3257.5
-711.8182130584191,3255.6
-712.7124570446736,3252.8
-713.606701030928,3277.4
-714.500945017182,3284.3
-715.3951890034364,3314.7
-716.2894329896908,3311.0
-717.1836769759452,3323.9
-718.0779209621992,3376.2
-718.9721649484536,3362.7
-719.866408934708,3358.3
-720.760652920962,3337.6
-721.6548969072164,3383.1
-722.5491408934708,3426.2
-723.4433848797253,3335.9
-724.3376288659792,3318.1
-725.2318728522337,3329.0
-726.1261168384881,3348.5
-727.020360824742,3301.3
-727.9146048109965,3325.0
-728.8088487972509,3305.1
-729.7030927835053,3321.3
-730.5973367697593,3299.1
-731.4915807560137,3276.4
-732.3858247422681,3269.2
-733.2800687285221,3297.2
-734.1743127147765,3275.3
-735.068556701031,3258.1
-735.9628006872854,3266.7
-736.8570446735393,3281.7
-737.7512886597938,3250.2
-738.6455326460482,3251.1
-739.5397766323026,3272.4
-740.4340206185566,3278.2
-741.328264604811,3259.7
-742.2225085910654,3260.1
-743.1167525773194,3257.0
-744.0109965635738,3253.1
-744.9052405498282,3264.7
-745.7994845360827,3254.7
-746.6937285223366,3258.2
-747.5879725085911,3256.2
-748.4822164948455,3272.1
-749.3764604810995,3228.7
-750.2707044673539,3270.9
-751.1649484536083,3250.8
-752.0591924398627,3244.1
-752.9534364261167,3248.0
-753.8476804123711,3267.6
-754.7419243986255,3249.8
-755.6361683848795,3230.9
-756.5304123711339,3252.1
-757.4246563573884,3255.6
-758.3189003436428,3244.7
-759.2131443298967,3255.8
-760.1073883161512,3264.0
-761.0016323024056,3245.7
-761.89587628866,3274.0
-762.790120274914,3259.2
-763.6843642611684,3255.4
-764.5786082474228,3224.2
-765.4728522336768,3240.9
-766.3670962199312,3267.4
-767.2613402061857,3248.1
-768.1555841924401,3268.1
-769.049828178694,3252.4
-769.9440721649485,3261.6
-770.8383161512029,3242.1
-771.7325601374569,3225.9
-772.6268041237113,3235.9
-773.5210481099657,3260.2
-774.4152920962201,3272.2
-775.3095360824741,3234.4
-776.2037800687285,3247.3
-777.098024054983,3261.7
-777.9922680412369,3246.0
-778.8865120274913,3278.5
-779.7807560137458,3265.3
-780.6750000000002,3251.1
-781.5692439862542,3241.9
-782.4634879725086,3240.2
-783.357731958763,3225.3
-784.251975945017,3264.6
-785.1462199312714,3252.9
-786.0404639175258,3245.4
-786.9347079037802,3250.1
-787.8289518900342,3260.2
-788.7231958762886,3265.1
-789.617439862543,3251.8
-790.5116838487975,3253.9
-791.4059278350514,3257.3
-792.3001718213059,3257.3
-793.1944158075603,3262.1
-794.0886597938143,3233.7
-794.9829037800687,3257.6
-795.8771477663231,3240.4
-796.7713917525775,3253.6
-797.6656357388315,3241.4
-798.5598797250859,3237.4
-799.4541237113403,3251.4
-800.3483676975943,3221.1
-801.2426116838487,3253.4
-802.1368556701032,3245.4
-803.0310996563576,3241.3
-803.9253436426116,3237.8
-804.819587628866,3253.5
-805.7138316151204,3259.3
-806.6080756013744,3245.0
-807.5023195876288,3256.5
-808.3965635738832,3249.9
-809.2908075601376,3245.2
-810.1850515463916,3247.3
-811.079295532646,3242.0
-811.9735395189005,3259.6
-812.8677835051544,3242.7
-813.7620274914088,3238.1
-814.6562714776633,3240.3
-815.5505154639177,3260.4
-816.4447594501717,3255.6
-817.3390034364261,3264.4
-818.2332474226805,3257.3
-819.1274914089349,3251.4
-820.0217353951889,3245.5
-820.9159793814433,3241.3
-821.8102233676977,3250.4
-822.7044673539517,3249.0
-823.5987113402061,3242.7
-824.4929553264606,3257.4
-825.387199312715,3244.7
-826.281443298969,3254.1
-827.1756872852234,3241.6
-828.0699312714778,3262.8
-828.9641752577318,3244.0
-829.8584192439862,3238.4
-830.7526632302406,3258.1
-831.646907216495,3256.2
-832.541151202749,3249.3
-833.4353951890034,3264.8
-834.3296391752579,3254.8
-835.2238831615118,3240.1
-836.1181271477662,3255.3
-837.0123711340207,3245.3
-837.9066151202751,3240.5
-838.8008591065291,3254.7
-839.6951030927835,3252.7
-840.5893470790379,3273.3
-841.4835910652919,3232.9
-842.3778350515463,3219.4
-843.2720790378007,3249.6
-844.1663230240551,3256.8
-845.0605670103091,3250.4
-845.9548109965635,3245.1
-846.849054982818,3256.7
-847.7432989690724,3239.6
-848.6375429553264,3247.9
-849.5317869415808,3257.5
-850.4260309278352,3250.7
-851.3202749140892,3240.3
-852.2145189003436,3257.3
-853.108762886598,3246.2
-854.0030068728524,3238.1
-854.8972508591064,3241.5
-855.7914948453608,3257.8
-856.6857388316153,3239.6
-857.5799828178692,3239.1
-858.4742268041236,3256.0
-859.3684707903781,3240.6
-860.2627147766325,3239.0
-861.1569587628865,3238.0
-862.0512027491409,3233.9
-862.9454467353953,3237.5
-863.8396907216493,3255.4
-864.7339347079037,3231.1
-865.6281786941581,3239.9
-866.5224226804125,3240.3
-867.4166666666665,3244.7
-868.3109106529209,3244.3
-869.2051546391754,3234.1
-870.0993986254298,3240.4
-870.9936426116838,3240.5
-871.8878865979382,3242.4
-872.7821305841926,3246.3
-873.6763745704466,3260.2
-874.570618556701,3230.9
-875.4648625429554,3238.8
-876.3591065292098,3238.4
-877.2533505154638,3234.3
-878.1475945017182,3256.3
-879.0418384879727,3242.8
-879.9360824742266,3241.3
-880.830326460481,3230.5
-881.7245704467355,3254.9
-882.6188144329899,3221.8
-883.5130584192439,3229.2
-884.4073024054983,3255.6
-885.3015463917527,3228.3
-886.1957903780067,3240.2
-887.0900343642611,3261.1
-887.9842783505155,3246.6
-888.87852233677,3243.0
-889.7727663230239,3257.6
-890.6670103092783,3252.2
-891.5612542955328,3240.6
-892.4554982817867,3224.6
-893.3497422680412,3258.6
-894.2439862542956,3242.5
-895.13823024055,3233.7
-896.032474226804,3242.8
-896.9267182130584,3233.4
-897.8209621993128,3241.6
-898.7152061855672,3236.4
-899.6094501718212,3256.3
-900.5036941580756,3237.5
-901.39793814433,3245.1
-902.292182130584,3241.4
-903.1864261168384,3256.2
-904.0806701030929,3261.3
-904.9749140893473,3278.9
-905.8691580756013,3252.1
-906.7634020618557,3225.6
-907.6576460481101,3253.0
-908.5518900343641,3260.0
-909.4461340206185,3248.4
-910.3403780068729,3245.3
-911.2346219931273,3251.3
-912.1288659793813,3252.7
-913.0231099656357,3243.9
-913.9173539518902,3240.5
-914.8115979381441,3243.7
-915.7058419243986,3263.1
-916.600085910653,3246.4
-917.4943298969074,3255.9
-918.3885738831614,3257.9
-919.2828178694158,3254.9
-920.1770618556702,3254.4
-921.0713058419242,3270.0
-921.9655498281786,3252.6
-922.859793814433,3250.4
-923.7540378006875,3255.9
-924.6482817869414,3250.2
-925.5425257731958,3263.7
-926.4367697594503,3255.3
-927.3310137457047,3243.0
-928.2252577319587,3240.9
-929.1195017182131,3260.2
-930.0137457044675,3265.7
-930.9079896907215,3258.8
-931.8022336769759,3264.9
-932.6964776632303,3254.3
-933.5907216494847,3244.3
-934.4849656357387,3264.9
-935.3792096219931,3248.7
-936.2734536082476,3261.9
-937.1676975945015,3232.3
-938.061941580756,3260.4
-938.9561855670104,3261.5
-939.8504295532648,3268.1
-940.7446735395188,3251.9
-941.6389175257732,3244.0
-942.5331615120276,3259.1
-943.4274054982816,3260.9
-944.321649484536,3263.9
-945.2158934707904,3248.5
-946.1101374570449,3264.5
-947.0043814432988,3266.1
-947.8986254295532,3242.5
-948.7928694158077,3254.3
-949.6871134020616,3235.2
-950.5813573883161,3240.8
-951.4756013745705,3249.1
-952.3698453608249,3254.5
-953.2640893470789,3254.2
-954.1583333333333,3255.4
-955.0525773195877,3253.8
-955.9468213058421,3242.0
-956.8410652920961,3241.7
-957.7353092783505,3249.3
-958.629553264605,3241.3
-959.5237972508589,3248.1
-960.4180412371134,3248.3
-961.3122852233678,3226.6
-962.2065292096222,3270.7
-963.1007731958762,3260.3
-963.9950171821306,3258.1
-964.889261168385,3235.8
-965.783505154639,3249.1
-966.6777491408934,3257.3
-967.5719931271478,3239.3
-968.4662371134023,3230.5
-969.3604810996562,3239.2
-970.2547250859106,3248.1
-971.1489690721651,3244.7
-972.043213058419,3236.0
-972.9374570446735,3247.7
-973.8317010309279,3240.9
-974.7259450171823,3239.8
-975.6201890034363,3241.7
-976.5144329896907,3263.3
-977.4086769759451,3241.4
-978.3029209621991,3236.1
-979.1971649484535,3238.7
-980.0914089347079,3242.5
-980.9856529209624,3240.9
-981.8798969072163,3257.1
-982.7741408934708,3256.4
-983.6683848797252,3251.0
-984.5626288659796,3238.2
-985.4568728522336,3238.6
-986.351116838488,3248.9
-987.2453608247424,3252.4
-988.1396048109964,3245.9
-989.0338487972508,3240.4
-989.9280927835052,3245.6
-990.8223367697597,3221.2
-991.7165807560136,3245.1
-992.610824742268,3245.8
-993.5050687285225,3245.2
-994.3993127147764,3258.6
-995.2935567010309,3231.2
-996.1878006872853,3264.2
-997.0820446735397,3247.5
-997.9762886597937,3251.6
-998.8705326460481,3244.3
-999.7647766323025,3248.6
-1000.6590206185565,3246.4
-1001.5532646048109,3235.6
-1002.4475085910653,3227.6
-1003.3417525773198,3253.0
-1004.2359965635737,3254.5
-1005.1302405498282,3251.3
-1006.0244845360826,3253.2
-1006.918728522337,3236.3
-1007.812972508591,3254.3
-1008.7072164948454,3254.9
-1009.6014604810998,3236.7
-1010.4957044673538,3247.8
-1011.3899484536082,3251.6
-1012.2841924398626,3229.2
-1013.1784364261171,3248.0
-1014.072680412371,3241.7
-1014.9669243986255,3229.9
-1015.8611683848799,3247.9
-1016.7554123711338,3242.7
-1017.6496563573883,3248.3
-1018.5439003436427,3226.9
-1019.4381443298971,3237.1
-1020.3323883161511,3236.0
-1021.2266323024055,3239.3
-1022.1208762886599,3226.1
-1023.0151202749139,3254.2
-1023.9093642611683,3242.1
-1024.8036082474227,3227.6
-1025.6978522336772,3249.0
-1026.5920962199311,3240.1
-1027.4863402061856,3235.3
-1028.38058419244,3240.3
-1029.274828178694,3244.3
-1030.1690721649484,3249.6
-1031.0633161512028,3249.7
-1031.9575601374572,3248.9
-1032.8518041237112,3250.8
-1033.7460481099656,3225.8
-1034.64029209622,3250.7
-1035.5345360824745,3256.6
-1036.4287800687284,3212.4
-1037.3230240549829,3232.4
-1038.2172680412373,3241.4
-1039.1115120274912,3237.5
-1040.0057560137457,3221.7
-1040.9,3236.9
-1041.7942439862545,3231.6
-1042.6884879725085,3235.9
-1043.582731958763,3220.7
-1044.4769759450173,3214.1
-1045.3712199312713,3245.6
-1046.2654639175257,3243.1
-1047.1597079037801,3238.7
-1048.0539518900346,3238.1
-1048.9481958762885,3255.5
-1049.842439862543,3224.1
-1050.7366838487974,3251.2
-1051.6309278350514,3236.8
-1052.5251718213058,3228.4
-1053.4194158075602,3246.9
-1054.3136597938146,3228.0
-1055.2079037800686,3234.3
-1056.102147766323,3230.4
-1056.9963917525774,3231.2
-1057.8906357388314,3236.7
-1058.7848797250858,3244.3
-1059.6791237113403,3227.3
-1060.5733676975947,3225.0
-1061.4676116838486,3238.8
-1062.361855670103,3231.7
-1063.2560996563575,3233.7
-1064.150343642612,3249.2
-1065.0445876288659,3246.9
-1065.9388316151203,3240.1
-1066.8330756013747,3221.0
-1067.7273195876287,3227.0
-1068.6215635738831,3252.9
-1069.5158075601375,3236.5
-1070.410051546392,3232.6
-1071.304295532646,3236.8
-1072.1985395189004,3230.7
-1073.0927835051548,3230.3
-1073.9870274914088,3238.6
-1074.8812714776632,3243.1
-1075.7755154639176,3238.5
-1076.669759450172,3227.6
-1077.564003436426,3227.5
-1078.4582474226804,3251.5
-1079.3524914089348,3226.3
-1080.2467353951888,3231.2
-1081.1409793814432,3231.0
-1082.0352233676977,3243.3
-1082.929467353952,3228.9
-1083.823711340206,3257.0
-1084.7179553264605,3252.0
-1085.612199312715,3231.8
-1086.5064432989689,3240.4
-1087.4006872852233,3228.2
-1088.2949312714777,3228.4
-1089.1891752577321,3250.4
-1090.083419243986,3245.6
-1090.9776632302405,3223.4
-1091.871907216495,3228.3
-1092.7661512027494,3267.8
-1093.6603951890033,3244.8
-1094.5546391752578,3244.2
-1095.4488831615122,3244.2
-1096.3431271477662,3229.8
-1097.2373711340206,3242.5
-1098.131615120275,3250.8
-1099.0258591065294,3234.3
-1099.9201030927834,3235.3
-1100.8143470790378,3233.0
-1101.7085910652922,3257.4
-1102.6028350515462,3216.3
-1103.4970790378006,3238.0
-1104.391323024055,3228.0
-1105.2855670103095,3222.5
-1106.1798109965634,3223.3
-1107.0740549828179,3224.4
-1107.9682989690723,3249.5
-1108.8625429553263,3236.0
-1109.7567869415807,3236.4
-1110.651030927835,3229.9
-1111.5452749140895,3219.2
-1112.4395189003435,3204.7
-1113.333762886598,3216.7
-1114.2280068728523,3230.4
-1115.1222508591068,3230.9
-1116.0164948453607,3226.5
-1116.9107388316152,3241.5
-1117.8049828178696,3234.8
-1118.6992268041236,3235.8
-1119.593470790378,3235.7
-1120.4877147766324,3237.3
-1121.3819587628868,3237.6
-1122.2762027491408,3219.8
-1123.1704467353952,3246.1
-1124.0646907216496,3225.3
-1124.9589347079036,3237.7
-1125.853178694158,3248.7
-1126.7474226804125,3232.5
-1127.6416666666669,3227.3
-1128.5359106529208,3243.3
-1129.4301546391753,3240.8
-1130.3243986254297,3247.9
-1131.2186426116837,3232.6
-1132.112886597938,3253.2
-1133.0071305841925,3239.4
-1133.901374570447,3243.6
-1134.795618556701,3243.8
-1135.6898625429553,3214.7
-1136.5841065292097,3230.8
-1137.4783505154637,3228.2
-1138.3725945017181,3229.1
-1139.2668384879726,3240.9
-1140.161082474227,3240.1
-1141.055326460481,3233.8
-1141.9495704467354,3250.6
-1142.8438144329898,3242.1
-1143.7380584192442,3224.6
-1144.6323024054982,3243.7
-1145.5265463917526,3239.9
-1146.420790378007,3226.3
-1147.315034364261,3242.5
-1148.2092783505154,3218.9
-1149.1035223367699,3226.0
-1149.9977663230243,3234.2
-1150.8920103092782,3234.7
-1151.7862542955327,3233.5
-1152.680498281787,3268.3
-1153.574742268041,3223.5
-1154.4689862542955,3258.3
-1155.36323024055,3246.2
-1156.2574742268043,3239.1
-1157.1517182130583,3264.6
-1158.0459621993127,3220.7
-1158.9402061855671,3240.2
-1159.8344501718211,3243.3
-1160.7286941580755,3225.3
-1161.62293814433,3214.5
-1162.5171821305844,3242.9
-1163.4114261168384,3245.2
-1164.3056701030928,3238.0
-1165.1999140893472,3236.6
-1166.0941580756012,3242.1
-1166.9884020618556,3245.3
-1167.88264604811,3239.2
-1168.7768900343644,3225.5
-1169.6711340206184,3238.4
-1170.5653780068728,3249.1
-1171.4596219931273,3241.5
-1172.3538659793817,3221.2
-1173.2481099656356,3244.0
-1174.14235395189,3240.8
-1175.0365979381445,3227.0
-1175.9308419243985,3225.4
-1176.825085910653,3221.5
-1177.7193298969073,3231.5
-1178.6135738831617,3226.7
-1179.5078178694157,3247.7
-1180.4020618556701,3225.7
-1181.2963058419245,3239.1
-1182.1905498281785,3247.2
-1183.084793814433,3230.0
-1183.9790378006874,3221.5
-1184.8732817869418,3253.2
-1185.7675257731958,3238.6
-1186.6617697594502,3248.2
-1187.5560137457046,3231.5
-1188.4502577319586,3251.6
-1189.344501718213,3230.8
-1190.2387457044674,3242.5
-1191.1329896907218,3229.6
-1192.0272336769758,3243.3
-1192.9214776632302,3231.5
-1193.8157216494847,3242.0
-1194.7099656357386,3237.4
-1195.604209621993,3230.7
-1196.4984536082475,3237.9
-1197.392697594502,3248.9
-1198.2869415807559,3221.8
-1199.1811855670103,3252.1
-1200.0754295532647,3221.8
-1200.9696735395191,3238.9
-1201.863917525773,3233.7
-1202.7581615120275,3219.6
-1203.652405498282,3226.2
-1204.546649484536,3246.3
-1205.4408934707903,3246.3
-1206.3351374570448,3243.9
-1207.2293814432992,3226.6
-1208.1236254295532,3222.7
-1209.0178694158076,3252.9
-1209.912113402062,3251.0
-1210.806357388316,3242.3
-1211.7006013745704,3242.1
-1212.5948453608248,3231.3
-1213.4890893470792,3217.4
-1214.3833333333332,3226.8
-1215.2775773195876,3231.9
-1216.171821305842,3241.9
-1217.066065292096,3230.2
-1217.9603092783505,3250.5
-1218.8545532646049,3233.4
-1219.7487972508593,3232.3
-1220.6430412371133,3240.8
-1221.5372852233677,3246.9
-1222.431529209622,3239.5
-1223.3257731958765,3227.8
-1224.2200171821305,3244.0
-1225.114261168385,3224.5
-1226.0085051546394,3223.1
-1226.9027491408933,3248.5
-1227.7969931271477,3224.1
-1228.6912371134022,3229.7
-1229.5854810996566,3238.4
-1230.4797250859106,3253.1
-1231.373969072165,3230.7
-1232.2682130584194,3223.4
-1233.1624570446734,3250.4
-1234.0567010309278,3234.0
-1234.9509450171822,3250.8
-1235.8451890034366,3218.3
-1236.7394329896906,3233.9
-1237.633676975945,3231.4
-1238.5279209621995,3229.3
-1239.4221649484534,3234.2
-1240.3164089347079,3233.7
-1241.2106529209623,3257.3
-1242.1048969072167,3230.5
-1242.9991408934707,3239.9
-1243.893384879725,3254.0
-1244.7876288659795,3237.5
-1245.6818728522335,3239.3
-1246.576116838488,3244.6
-1247.4703608247423,3244.6
-1248.3646048109968,3243.4
-1249.2588487972507,3241.9
-1250.1530927835051,3245.7
-1251.0473367697596,3247.0
-1251.941580756014,3228.4
-1252.835824742268,3222.1
-1253.7300687285224,3240.3
-1254.6243127147768,3236.9
-1255.5185567010308,3239.6
-1256.4128006872852,3229.5
-1257.3070446735396,3243.4
-1258.201288659794,3248.5
-1259.095532646048,3236.1
-1259.9897766323024,3233.0
-1260.8840206185569,3237.7
-1261.7782646048108,3246.5
-1262.6725085910653,3220.2
-1263.5667525773197,3252.4
-1264.460996563574,3229.6
-1265.355240549828,3243.2
-1266.2494845360825,3222.2
-1267.143728522337,3238.8
-1268.0379725085909,3253.3
-1268.9322164948453,3245.4
-1269.8264604810997,3252.4
-1270.7207044673542,3225.2
-1271.6149484536081,3227.3
-1272.5091924398625,3239.3
-1273.403436426117,3237.6
-1274.297680412371,3240.3
-1275.1919243986254,3244.1
-1276.0861683848798,3215.3
-1276.9804123711342,3234.0
-1277.8746563573882,3260.1
-1278.7689003436426,3230.6
-1279.663144329897,3237.5
-1280.5573883161514,3234.7
-1281.4516323024054,3228.7
-1282.3458762886598,3250.3
-1283.2401202749143,3237.0
-1284.1343642611682,3244.3
-1285.0286082474227,3214.3
-1285.922852233677,3223.0
-1286.8170962199315,3234.7
-1287.7113402061855,3228.0
-1288.60558419244,3231.6
-1289.4998281786943,3231.5
-1290.3940721649483,3227.7
-1291.2883161512027,3235.1
-1292.1825601374571,3208.9
-1293.0768041237116,3227.1
-1293.9710481099655,3247.6
-1294.86529209622,3233.9
-1295.7595360824744,3234.9
-1296.6537800687283,3229.5
-1297.5480240549828,3232.4
-1298.4422680412372,3223.5
-1299.3365120274916,3249.0
-1300.2307560137456,3257.2
-1301.125,3245.0
-1302.0192439862544,3234.3
-1302.9134879725084,3236.2
-1303.8077319587628,3224.0
-1304.7019759450172,3243.2
-1305.5962199312717,3228.5
-1306.4904639175256,3229.0
-1307.38470790378,3236.8
-1308.2789518900345,3255.8
-1309.173195876289,3205.2
-1310.0674398625429,3243.6
-1310.9616838487973,3246.5
-1311.8559278350517,3240.1
-1312.7501718213057,3236.2
-1313.64441580756,3246.1
-1314.5386597938145,3228.9
-1315.432903780069,3241.0
-1316.327147766323,3212.6
-1317.2213917525773,3228.0
-1318.1156357388318,3228.6
-1319.0098797250857,3230.4
-1319.9041237113402,3238.5
-1320.7983676975946,3223.6
-1321.692611683849,3237.7
-1322.586855670103,3215.7
-1323.4810996563574,3244.9
-1324.3753436426118,3242.5
-1325.2695876288658,3239.1
-1326.1638316151202,3239.2
-1327.0580756013746,3231.2
-1327.952319587629,3240.8
-1328.846563573883,3236.0
-1329.7408075601375,3213.0
-1330.6350515463919,3234.9
-1331.5292955326463,3237.9
-1332.4235395189003,3226.2
-1333.3177835051547,3220.1
-1334.2120274914091,3231.9
-1335.106271477663,3227.1
-1336.0005154639175,3222.3
-1336.894759450172,3241.3
-1337.7890034364264,3239.6
-1338.6832474226803,3238.3
-1339.5774914089347,3240.3
-1340.4717353951892,3243.8
-1341.3659793814431,3228.8
-1342.2602233676976,3228.6
-1343.154467353952,3238.8
-1344.0487113402064,3233.3
-1344.9429553264604,3235.9
-1345.8371993127148,3235.0
-1346.7314432989692,3231.0
-1347.6256872852232,3246.4
-1348.5199312714776,3242.2
-1349.414175257732,3237.5
-1350.3084192439865,3242.1
-1351.2026632302404,3230.1
-1352.0969072164949,3235.6
-1352.9911512027493,3234.2
-1353.8853951890032,3239.5
-1354.7796391752577,3221.5
-1355.673883161512,3233.0
-1356.5681271477665,3239.5
-1357.4623711340205,3246.1
-1358.356615120275,3227.8
-1359.2508591065293,3232.9
-1360.1451030927838,3222.7
-1361.0393470790377,3221.0
-1361.9335910652921,3242.4
-1362.8278350515466,3243.1
-1363.7220790378005,3219.6
-1364.616323024055,3243.5
-1365.5105670103094,3251.0
-1366.4048109965638,3232.0
-1367.2990549828178,3230.1
-1368.1932989690722,3237.1
-1369.0875429553266,3225.1
-1369.9817869415806,3237.8
-1370.876030927835,3236.3
-1371.7702749140894,3221.4
-1372.6645189003439,3230.8
-1373.5587628865978,3229.4
-1374.4530068728523,3228.4
-1375.3472508591067,3226.3
-1376.2414948453606,3224.8
-1377.135738831615,3235.7
-1378.0299828178695,3237.9
-1378.924226804124,3235.9
-1379.818470790378,3220.1
-1380.7127147766323,3239.9
-1381.6069587628867,3232.8
-1382.5012027491407,3232.8
-1383.3954467353951,3214.9
-1384.2896907216495,3230.6
-1385.183934707904,3235.9
-1386.078178694158,3221.1
-1386.9724226804124,3244.8
-1387.8666666666668,3247.6
-1388.7609106529212,3252.4
-1389.6551546391752,3223.4
-1390.5493986254296,3238.1
-1391.443642611684,3248.0
-1392.337886597938,3251.2
-1393.2321305841924,3238.6
-1394.1263745704468,3242.1
-1395.0206185567013,3225.0
-1395.9148625429552,3231.2
-1396.8091065292097,3225.4
-1397.703350515464,3236.2
-1398.597594501718,3218.4
-1399.4918384879725,3238.5
-1400.386082474227,3223.2
-1401.2803264604813,3241.0
-1402.1745704467353,3228.4
-1403.0688144329897,3245.8
-1403.9630584192441,3246.6
-1404.857302405498,3232.5
-1405.7515463917525,3250.8
-1406.645790378007,3250.1
-1407.5400343642614,3231.3
-1408.4342783505153,3250.0
-1409.3285223367698,3232.0
-1410.2227663230242,3249.4
-1411.1170103092782,3242.3
-1412.0112542955326,3219.2
-1412.905498281787,3226.8
-1413.7997422680414,3238.4
-1414.6939862542954,3233.1
-1415.5882302405498,3219.1
-1416.4824742268042,3236.8
-1417.3767182130587,3239.5
-1418.2709621993126,3232.5
-1419.165206185567,3233.8
-1420.0594501718215,3236.0
-1420.9536941580755,3223.4
-1421.8479381443299,3230.2
-1422.7421821305843,3231.6
-1423.6364261168387,3212.1
-1424.5306701030927,3244.5
-1425.424914089347,3240.8
-1426.3191580756015,3248.5
-1427.2134020618555,3223.4
-1428.10764604811,3238.6
-1429.0018900343644,3249.6
-1429.8961340206188,3236.4
-1430.7903780068727,3228.0
-1431.6846219931272,3234.3
-1432.5788659793816,3215.7
-1433.4731099656356,3226.8
-1434.36735395189,3232.9
-1435.2615979381444,3222.7
-1436.1558419243988,3224.5
-1437.0500859106528,3220.7
-1437.9443298969072,3232.8
-1438.8385738831616,3227.9
-1439.7328178694156,3232.7
-1440.62706185567,3236.0
-1441.5213058419245,3232.9
-1442.4155498281789,3238.7
-1443.3097938144329,3248.8
-1444.2040378006873,3229.5
-1445.0982817869417,3216.2
-1445.9925257731961,3250.7
-1446.88676975945,3231.9
-1447.7810137457045,3224.3
-1448.675257731959,3232.1
-1449.569501718213,3216.9
-1450.4637457044673,3240.7
-1451.3579896907218,3241.3
-1452.2522336769762,3231.0
-1453.1464776632301,3214.8
-1454.0407216494846,3225.3
-1454.934965635739,3242.5
-1455.829209621993,3247.3
-1456.7234536082474,3237.0
-1457.6176975945018,3231.2
-1458.5119415807562,3235.8
-1459.4061855670102,3221.9
-1460.3004295532646,3226.8
-1461.194673539519,3241.2
-1462.088917525773,3245.1
-1462.9831615120274,3222.7
-1463.8774054982819,3234.5
-1464.7716494845363,3237.3
-1465.6658934707903,3223.0
-1466.5601374570447,3224.7
-1467.454381443299,3241.2
-1468.3486254295535,3224.7
-1469.2428694158075,3241.0
-1470.137113402062,3222.7
-1471.0313573883163,3248.4
-1471.9256013745703,3234.3
-1472.8198453608247,3240.7
-1473.7140893470792,3226.1
-1474.6083333333336,3231.1
-1475.5025773195875,3239.7
-1476.396821305842,3257.0
-1477.2910652920964,3248.8
-1478.1853092783504,3228.1
-1479.0795532646048,3227.9
-1479.9737972508592,3250.6
-1480.8680412371136,3223.2
-1481.7622852233676,3219.6
-1482.656529209622,3235.5
-1483.5507731958764,3230.0
-1484.4450171821304,3254.7
-1485.3392611683848,3240.0
-1486.2335051546393,3234.2
-1487.1277491408937,3236.2
-1488.0219931271477,3247.2
-1488.916237113402,3240.0
-1489.8104810996565,3231.2
-1490.7047250859105,3229.9
-1491.598969072165,3252.7
-1492.4932130584193,3223.3
-1493.3874570446737,3246.1
-1494.2817010309277,3229.9
-1495.1759450171821,3234.7
-1496.0701890034366,3231.9
-1496.964432989691,3228.7
-1497.858676975945,3232.5
-1498.7529209621994,3241.2
-1499.6471649484538,3236.1
-1500.5414089347078,3247.5
-1501.4356529209622,3226.0
-1502.3298969072166,3233.9
-1503.224140893471,3222.6
-1504.118384879725,3223.1
-1505.0126288659794,3244.5
-1505.9068728522338,3229.6
-1506.8011168384878,3214.2
-1507.6953608247422,3238.2
-1508.5896048109967,3226.9
-1509.483848797251,3222.3
-1510.378092783505,3228.7
-1511.2723367697595,3238.6
-1512.166580756014,3249.2
-1513.0608247422679,3233.1
-1513.9550687285223,3239.5
-1514.8493127147767,3241.5
-1515.7435567010311,3245.5
-1516.637800687285,3231.0
-1517.5320446735395,3231.9
-1518.426288659794,3226.3
-1519.320532646048,3247.1
-1520.2147766323023,3224.0
-1521.1090206185568,3232.3
-1522.0032646048112,3249.1
-1522.8975085910652,3235.6
-1523.7917525773196,3223.3
-1524.685996563574,3248.8
-1525.5802405498284,3218.9
-1526.4744845360824,3230.3
-1527.3687285223368,3234.6
-1528.2629725085912,3219.7
-1529.1572164948452,3250.0
-1530.0514604810996,3247.4
-1530.945704467354,3237.9
-1531.8399484536085,3233.7
-1532.7341924398625,3237.0
-1533.6284364261169,3226.4
-1534.5226804123713,3229.3
-1535.4169243986253,3225.8
-1536.3111683848797,3237.2
-1537.2054123711341,3212.9
-1538.0996563573885,3238.0
-1538.9939003436425,3241.5
-1539.888144329897,3238.0
-1540.7823883161514,3200.6
-1541.6766323024053,3229.8
-1542.5708762886597,3235.2
-1543.4651202749142,3234.6
-1544.3593642611686,3238.1
-1545.2536082474226,3236.8
-1546.147852233677,3233.2
-1547.0420962199314,3235.9
-1547.9363402061854,3223.9
-1548.8305841924398,3244.2
-1549.7248281786942,3239.4
-1550.6190721649486,3243.4
-1551.5133161512026,3238.8
-1552.407560137457,3242.1
-1553.3018041237115,3239.2
-1554.196048109966,3239.4
-1555.0902920962199,3225.4
-1555.9845360824743,3246.3
-1556.8787800687287,3208.6
-1557.7730240549827,3232.7
-1558.667268041237,3236.4
-1559.5615120274915,3247.4
-1560.455756013746,3232.8
-1561.35,3231.8
-1562.2442439862543,3231.2
-1563.1384879725088,3230.6
-1564.0327319587627,3238.0
-1564.9269759450171,3239.2
-1565.8212199312716,3241.2
-1566.715463917526,3236.5
-1567.60970790378,3220.0
-1568.5039518900344,3226.5
-1569.3981958762888,3226.2
-1570.2924398625428,3229.6
-1571.1866838487972,3227.2
-1572.0809278350516,3220.3
-1572.975171821306,3253.9
-1573.86941580756,3238.0
-1574.7636597938144,3223.8
-1575.6579037800689,3244.5
-1576.5521477663233,3224.7
-1577.4463917525773,3249.6
-1578.3406357388317,3221.2
-1579.234879725086,3245.8
-1580.12912371134,3234.2
-1581.0233676975945,3216.8
-1581.917611683849,3241.4
-1582.8118556701033,3241.4
-1583.7060996563573,3225.9
-1584.6003436426117,3235.0
-1585.4945876288662,3228.7
-1586.3888316151201,3233.5
-1587.2830756013745,3226.7
-1588.177319587629,3249.4
-1589.0715635738834,3225.2
-1589.9658075601374,3227.5
-1590.8600515463918,3220.7
-1591.7542955326462,3242.8
-1592.6485395189002,3241.6
-1593.5427835051546,3237.8
-1594.437027491409,3232.4
-1595.3312714776634,3226.1
-1596.2255154639174,3234.5
-1597.1197594501718,3229.6
-1598.0140034364263,3252.7
-1598.9082474226802,3228.2
-1599.8024914089347,3231.2
-1600.696735395189,3222.7
-1601.5909793814435,3238.6
-1602.4852233676975,3226.5
-1603.379467353952,3221.8
-1604.2737113402063,3246.4
-1605.1679553264607,3226.6
-1606.0621993127147,3229.8
-1606.9564432989691,3236.7
-1607.8506872852236,3220.3
-1608.7449312714775,3229.4
-1609.639175257732,3217.6
-1610.5334192439864,3235.0
-1611.4276632302408,3228.9
-1612.3219072164948,3240.2
-1613.2161512027492,3222.2
-1614.1103951890036,3215.8
-1615.0046391752576,3223.3
-1615.898883161512,3212.9
-1616.7931271477664,3239.1
-1617.6873711340209,3222.9
-1618.5816151202748,3229.6
-1619.4758591065292,3237.4
-1620.3701030927837,3209.5
-1621.2643470790376,3216.1
-1622.158591065292,3235.2
-1623.0528350515465,3242.4
-1623.947079037801,3230.2
-1624.8413230240549,3244.2
-1625.7355670103093,3226.8
-1626.6298109965637,3255.2
-1627.5240549828177,3240.2
-1628.418298969072,3218.8
-1629.3125429553265,3239.9
-1630.206786941581,3227.7
-1631.101030927835,3212.1
-1631.9952749140894,3231.5
-1632.8895189003438,3224.8
-1633.7837628865982,3220.7
-1634.6780068728522,3225.0
-1635.5722508591066,3223.7
-1636.466494845361,3236.0
-1637.360738831615,3229.6
-1638.2549828178694,3238.0
-1639.1492268041238,3237.9
-1640.0434707903783,3231.1
-1640.9377147766322,3229.5
-1641.8319587628866,3228.4
-1642.726202749141,3237.9
-1643.620446735395,3235.9
-1644.5146907216495,3237.6
-1645.4089347079039,3237.7
-1646.3031786941583,3228.5
-1647.1974226804123,3225.7
-1648.0916666666667,3237.1
-1648.9859106529211,3234.9
-1649.880154639175,3225.1
-1650.7743986254295,3238.0
-1651.668642611684,3222.4
-1652.5628865979384,3222.5
-1653.4571305841923,3234.1
-1654.3513745704468,3223.4
-1655.2456185567012,3244.8
-1656.1398625429551,3225.1
-1657.0341065292096,3233.0
-1657.928350515464,3245.0
-1658.8225945017184,3246.3
-1659.7168384879724,3234.6
-1660.6110824742268,3222.9
-1661.5053264604812,3234.5
-1662.3995704467357,3248.3
-1663.2938144329896,3252.9
-1664.188058419244,3233.4
-1665.0823024054985,3224.5
-1665.9765463917524,3220.9
-1666.8707903780069,3219.8
-1667.7650343642613,3236.0
-1668.6592783505157,3235.9
-1669.5535223367697,3225.6
